Source handler,Lines,Deployment registry names,Matching live functions,Auth/signature call markers,Paging marker,Interpretation
amplify/functions/ai/agent-action-group/handler.py,486,wecare-agent-action-group,wecare-agent-action-group,require_auth,True,Source markers only; caller/shared-module auth and event-only paths require inspection
amplify/functions/ai/ai-config-management/handler.py,837,wecare-ai-config-management,wecare-ai-config-management,require_auth,True,Source markers only; caller/shared-module auth and event-only paths require inspection
amplify/functions/ai/ai-generate-response/handler.py,5641,wecare-ai-generate-response,wecare-ai-generate-response,require_auth,True,Source markers only; caller/shared-module auth and event-only paths require inspection
amplify/functions/ai/ai-query-kb/handler.py,90,wecare-ai-query-kb,wecare-ai-query-kb,require_auth,False,Source markers only; caller/shared-module auth and event-only paths require inspection
amplify/functions/ai/mcp/handler.py,870,,,,False,Source markers only; caller/shared-module auth and event-only paths require inspection
amplify/functions/ai/workspace-mcp/handler.py,725,,,oauth_begin; oauth_callback; oauth_client; verify,False,Source markers only; caller/shared-module auth and event-only paths require inspection
amplify/functions/auth/blog-subscribe/handler.py,447,wecare-blog-subscribe,,_verify_email; _verify_phone; verify,False,Source markers only; caller/shared-module auth and event-only paths require inspection
amplify/functions/auth/cognito-custom-message/handler.py,279,wecare-cognito-custom-message,wecare-cognito-custom-message,,False,Source markers only; caller/shared-module auth and event-only paths require inspection
amplify/functions/auth/customer-profile/handler.py,567,wecare-customer-profile,wecare-customer-profile,,False,Source markers only; caller/shared-module auth and event-only paths require inspection
amplify/functions/auth/customer-registration/handler.py,437,wecare-customer-registration,,_verify,False,Source markers only; caller/shared-module auth and event-only paths require inspection
amplify/functions/auth/customer-whatsapp-auth/handler.py,642,wecare-customer-whatsapp-auth,wecare-customer-whatsapp-auth,_create_auth_challenge; _define_auth_challenge; _verify_auth_challenge,False,Source markers only; caller/shared-module auth and event-only paths require inspection
amplify/functions/auth/email-verification/handler.py,347,wecare-email-verification,wecare-email-verification,_verify; verify,False,Source markers only; caller/shared-module auth and event-only paths require inspection
amplify/functions/core/auth-middleware/handler.py,98,wecare-auth-middleware,wecare-auth-middleware,,False,Source markers only; caller/shared-module auth and event-only paths require inspection
amplify/functions/core/automation-rules/handler.py,102,wecare-automation-rules,wecare-automation-rules,require_auth,False,Source markers only; caller/shared-module auth and event-only paths require inspection
amplify/functions/core/contacts/handler.py,644,wecare-contacts,wecare-contacts,require_auth,True,Source markers only; caller/shared-module auth and event-only paths require inspection
amplify/functions/core/conversation-meta/handler.py,94,wecare-conversation-meta,wecare-conversation-meta,require_auth,False,Source markers only; caller/shared-module auth and event-only paths require inspection
amplify/functions/core/crm/handler.py,646,wecare-crm,wecare-crm,require_auth,False,Source markers only; caller/shared-module auth and event-only paths require inspection
amplify/functions/core/faq-handler/handler.py,163,wecare-faq-handler,wecare-faq-handler,require_auth,False,Source markers only; caller/shared-module auth and event-only paths require inspection
amplify/functions/core/messages-delete/handler.py,404,wecare-messages-delete,wecare-messages-delete,require_auth,True,Source markers only; caller/shared-module auth and event-only paths require inspection
amplify/functions/core/messages-read/handler.py,547,wecare-messages-read,wecare-messages-read,require_auth,True,Source markers only; caller/shared-module auth and event-only paths require inspection
amplify/functions/core/secure-files/handler.py,1241,wecare-secure-files,wecare-secure-files,require_auth,False,Source markers only; caller/shared-module auth and event-only paths require inspection
amplify/functions/core/service-api/handler.py,1147,wecare-service-api,wecare-service-api,require_auth,False,Source markers only; caller/shared-module auth and event-only paths require inspection
amplify/functions/core/site-language/handler.py,636,wecare-site-language,wecare-site-language,,False,Source markers only; caller/shared-module auth and event-only paths require inspection
amplify/functions/core/url-shortener/handler.py,455,wecare-url-shortener; stack-wecare-url-shortener,wecare-url-shortener; stack-wecare-url-shortener,require_auth,True,Source markers only; caller/shared-module auth and event-only paths require inspection
amplify/functions/core/vayulok-environment/handler.py,523,wecare-vayulok-environment,,,False,Source markers only; caller/shared-module auth and event-only paths require inspection
amplify/functions/ecommerce/catalog-management/handler.py,245,wecare-catalog-management,wecare-catalog-management,require_auth,False,Source markers only; caller/shared-module auth and event-only paths require inspection
amplify/functions/ecommerce/checkout/handler.py,2483,wecare-checkout,wecare-checkout,_website_verify; authoritative_total_paise; authorize_resource; verify_callback,False,Source markers only; caller/shared-module auth and event-only paths require inspection
amplify/functions/ecommerce/coupons/handler.py,435,wecare-coupons,,require_auth,False,Source markers only; caller/shared-module auth and event-only paths require inspection
amplify/functions/ecommerce/customer-invoice/handler.py,397,wecare-customer-invoice,,,False,Source markers only; caller/shared-module auth and event-only paths require inspection
amplify/functions/ecommerce/customer-orders/handler.py,499,wecare-customer-orders,wecare-customer-orders,,True,Source markers only; caller/shared-module auth and event-only paths require inspection
amplify/functions/ecommerce/customer-session/handler.py,127,wecare-customer-session,wecare-customer-session,authenticate; initiate_auth,False,Source markers only; caller/shared-module auth and event-only paths require inspection
amplify/functions/ecommerce/gift-cards/handler.py,401,wecare-gift-cards,,require_auth; verify_pin,False,Source markers only; caller/shared-module auth and event-only paths require inspection
amplify/functions/ecommerce/product-image-gen/handler.py,650,wecare-product-image-gen,wecare-product-image-gen,require_auth,False,Source markers only; caller/shared-module auth and event-only paths require inspection
amplify/functions/ecommerce/service-requests/handler.py,236,wecare-service-requests,wecare-service-requests,,False,Source markers only; caller/shared-module auth and event-only paths require inspection
amplify/functions/ecommerce/wix-catalog-webhook/handler.py,264,wecare-wix-catalog-webhook,wecare-wix-catalog-webhook,_unauthorized; verify_signature,False,Source markers only; caller/shared-module auth and event-only paths require inspection
amplify/functions/ecommerce/wix-giftcard-spi/handler.py,467,wecare-wix-giftcard-spi,,_unauthorized; verify; verify_pin,False,Source markers only; caller/shared-module auth and event-only paths require inspection
amplify/functions/ecommerce/wix-store/handler.py,1620,wecare-wix-store,wecare-wix-store,require_auth,False,Source markers only; caller/shared-module auth and event-only paths require inspection
amplify/functions/edge/get-miss-redirect/handler.py,116,,,,False,Source markers only; caller/shared-module auth and event-only paths require inspection
amplify/functions/messaging/ad-attribution/handler.py,209,wecare-ad-attribution,wecare-ad-attribution,,False,Source markers only; caller/shared-module auth and event-only paths require inspection
amplify/functions/messaging/inbound-whatsapp-handler/handler.py,8049,wecare-inbound-whatsapp,wecare-inbound-whatsapp,verify,True,Source markers only; caller/shared-module auth and event-only paths require inspection
amplify/functions/messaging/marketing-ads/handler.py,451,wecare-marketing-ads,wecare-marketing-ads,require_auth,False,Source markers only; caller/shared-module auth and event-only paths require inspection
amplify/functions/messaging/media-cleanup/handler.py,183,wecare-media-cleanup,wecare-media-cleanup,require_auth,True,Source markers only; caller/shared-module auth and event-only paths require inspection
amplify/functions/messaging/meta-analytics/handler.py,196,wecare-meta-analytics,wecare-meta-analytics,require_auth,False,Source markers only; caller/shared-module auth and event-only paths require inspection
amplify/functions/messaging/meta-business-agent/handler.py,1071,wecare-meta-business-agent,wecare-meta-business-agent,_connector_upsert_oauth; require_auth,False,Source markers only; caller/shared-module auth and event-only paths require inspection
amplify/functions/messaging/notification-worker/handler.py,134,wecare-notification-worker,wecare-notification-worker,,False,Source markers only; caller/shared-module auth and event-only paths require inspection
amplify/functions/messaging/outbound-email/handler.py,207,wecare-outbound-email,wecare-outbound-email,require_auth,False,Source markers only; caller/shared-module auth and event-only paths require inspection
amplify/functions/messaging/outbound-sms/handler.py,276,wecare-outbound-sms,wecare-outbound-sms,require_auth,False,Source markers only; caller/shared-module auth and event-only paths require inspection
amplify/functions/messaging/outbound-whatsapp/handler.py,4427,wecare-outbound-whatsapp,wecare-outbound-whatsapp,require_auth,False,Source markers only; caller/shared-module auth and event-only paths require inspection
amplify/functions/messaging/partner-onboarding/handler.py,748,wecare-partner-onboarding,wecare-partner-onboarding,_auth_ctx; require_auth,True,Source markers only; caller/shared-module auth and event-only paths require inspection
amplify/functions/messaging/partner-token-refresh/handler.py,166,wecare-partner-token-refresh,wecare-partner-token-refresh,,True,Source markers only; caller/shared-module auth and event-only paths require inspection
amplify/functions/messaging/plivo-answer/handler.py,967,wecare-plivo-answer,wecare-plivo-answer,_get_plivo_auth_token; _verify_provider; verify_request,False,Source markers only; caller/shared-module auth and event-only paths require inspection
amplify/functions/messaging/pstn-softphone/handler.py,424,wecare-pstn-softphone,wecare-pstn-softphone,require_auth,False,Source markers only; caller/shared-module auth and event-only paths require inspection
amplify/functions/messaging/push-notifications/handler.py,307,wecare-push-notifications,wecare-push-notifications,require_auth,True,Source markers only; caller/shared-module auth and event-only paths require inspection
amplify/functions/messaging/rcs-dlr/handler.py,530,wecare-rcs-dlr,wecare-rcs-dlr,verify,False,Source markers only; caller/shared-module auth and event-only paths require inspection
amplify/functions/messaging/rcs-send/handler.py,906,wecare-rcs-send,wecare-rcs-send,_authenticate; require_auth,False,Source markers only; caller/shared-module auth and event-only paths require inspection
amplify/functions/messaging/scheduled-messages/handler.py,497,wecare-scheduled-messages,wecare-scheduled-messages,require_auth,True,Source markers only; caller/shared-module auth and event-only paths require inspection
amplify/functions/messaging/sms-aws/handler.py,726,wecare-sms-aws,wecare-sms-aws,require_auth,True,Source markers only; caller/shared-module auth and event-only paths require inspection
amplify/functions/messaging/template-analytics/handler.py,236,wecare-template-analytics,wecare-template-analytics,require_auth,True,Source markers only; caller/shared-module auth and event-only paths require inspection
amplify/functions/messaging/voice-aws/handler.py,376,wecare-voice-aws,wecare-voice-aws,require_auth,True,Source markers only; caller/shared-module auth and event-only paths require inspection
amplify/functions/messaging/voice-cdr-read/handler.py,652,wecare-voice-cdr-read,wecare-voice-cdr-read,require_auth,True,Source markers only; caller/shared-module auth and event-only paths require inspection
amplify/functions/messaging/voice-in/c2c/handler.py,596,wecare-voice-in-c2c,wecare-voice-in-c2c,require_auth,True,Source markers only; caller/shared-module auth and event-only paths require inspection
amplify/functions/messaging/voice-in/obd/handler.py,972,wecare-voice-in-obd,wecare-voice-in-obd,require_auth,True,Source markers only; caller/shared-module auth and event-only paths require inspection
amplify/functions/messaging/waba-management/handler.py,1146,wecare-waba-management,wecare-waba-management,_verify_otp; require_auth,False,Source markers only; caller/shared-module auth and event-only paths require inspection
amplify/functions/messaging/whatsapp-business-api/handler.py,6440,wecare-whatsapp-business-api,wecare-whatsapp-business-api,require_auth; verify,True,Source markers only; caller/shared-module auth and event-only paths require inspection
amplify/functions/messaging/whatsapp-calling/handler.py,2554,wecare-whatsapp-calling,wecare-whatsapp-calling,_get_verify_token; _verify_webhook; _verify_webhook_signature; require_auth,True,Source markers only; caller/shared-module auth and event-only paths require inspection
amplify/functions/messaging/whatsapp-template-management/handler.py,989,wecare-whatsapp-template-management,wecare-whatsapp-template-management,require_auth,False,Source markers only; caller/shared-module auth and event-only paths require inspection
amplify/functions/messaging/whatsapp-templates/handler.py,788,wecare-whatsapp-templates,wecare-whatsapp-templates,require_auth,False,Source markers only; caller/shared-module auth and event-only paths require inspection
amplify/functions/messaging/whatsapp-voice/handler.py,1066,wecare-whatsapp-voice,wecare-whatsapp-voice,require_auth,True,Source markers only; caller/shared-module auth and event-only paths require inspection
amplify/functions/operations/billing/handler.py,348,wecare-billing,wecare-billing,require_auth,False,Source markers only; caller/shared-module auth and event-only paths require inspection
amplify/functions/operations/bulk-job-control/handler.py,445,wecare-bulk-job-control,wecare-bulk-job-control,require_auth,False,Source markers only; caller/shared-module auth and event-only paths require inspection
amplify/functions/operations/bulk-job-create/handler.py,378,wecare-bulk-job-create,wecare-bulk-job-create,require_auth,True,Source markers only; caller/shared-module auth and event-only paths require inspection
amplify/functions/operations/bulk-worker/handler.py,301,wecare-bulk-worker,wecare-bulk-worker,require_auth,True,Source markers only; caller/shared-module auth and event-only paths require inspection
amplify/functions/operations/dlq-replay/handler.py,381,wecare-dlq-replay,wecare-dlq-replay,require_auth,True,Source markers only; caller/shared-module auth and event-only paths require inspection
amplify/functions/operations/docs-scraper/handler.py,276,,,require_auth,False,Source markers only; caller/shared-module auth and event-only paths require inspection
amplify/functions/operations/seo-tools/handler.py,1079,,,batch_verify_state; require_auth,False,Source markers only; caller/shared-module auth and event-only paths require inspection
amplify/functions/operations/sla-engine/handler.py,212,wecare-sla-engine,wecare-sla-engine,,False,Source markers only; caller/shared-module auth and event-only paths require inspection
amplify/functions/operations/system-cleanup/handler.py,687,wecare-system-cleanup,wecare-system-cleanup,require_auth,True,Source markers only; caller/shared-module auth and event-only paths require inspection
amplify/functions/payments/invoice-engine/handler.py,2845,wecare-invoice-engine,wecare-invoice-engine,require_auth,True,Source markers only; caller/shared-module auth and event-only paths require inspection
amplify/functions/payments/payments-read/handler.py,206,wecare-payments-read,wecare-payments-read,require_auth,True,Source markers only; caller/shared-module auth and event-only paths require inspection
amplify/functions/payments/razorpay-webhook/handler.py,2454,wecare-razorpay-webhook,wecare-razorpay-webhook,_handle_payment_authorized; _verify_signature,True,Source markers only; caller/shared-module auth and event-only paths require inspection
