Route,Scope,Decision,Proposed domain,Reason,Discovery,Connection evidence,Flags,Source
/404,public,Keep necessary page,Public / Support,Preserve support/error function and canonical destination; standardize shared components.,Contextual / embedded / legacy (inspect links),Static / hub / redirect / provider SDK,,src/pages/404.tsx
/account/sign-in,public,Keep transactional boundary,Public / Account,"Customer auth/cart/status needs separate state, no staff shell or MFA changes.",Contextual / embedded / legacy (inspect links),Direct request: manual contract trace,,src/pages/account/sign-in.tsx
/anew,public,Keep shared brand template,Public / Marketing,"Distinct offering/landing purpose. Consolidate components, not customer-facing product URLs without a business decision.",Contextual / embedded / legacy (inspect links),Static / hub / redirect / provider SDK,,src/pages/anew.tsx
/bharat-rx,public,Keep shared brand template,Public / Marketing,"Distinct offering/landing purpose. Consolidate components, not customer-facing product URLs without a business decision.",Contextual / embedded / legacy (inspect links),Static / hub / redirect / provider SDK,,src/pages/bharat-rx.tsx
/blog,public,Keep canonical resource route,Public / Content,Blog pagination/topic/detail share components intentionally; preserve URL and SEO metadata.,Contextual / embedded / legacy (inspect links),Direct request: manual contract trace,,src/pages/blog/index.tsx
/blog/page/[page],public,Keep canonical resource route,Public / Content,Blog pagination/topic/detail share components intentionally; preserve URL and SEO metadata.,Contextual / embedded / legacy (inspect links),Direct request: manual contract trace,,src/pages/blog/page/[page].tsx
/blog/topic/[topic]/page/[page],public,Keep canonical resource route,Public / Content,Blog pagination/topic/detail share components intentionally; preserve URL and SEO metadata.,Contextual / embedded / legacy (inspect links),Direct request: manual contract trace,,src/pages/blog/topic/[topic]/page/[page].tsx
/blog/topic/[topic],public,Keep canonical resource route,Public / Content,Blog pagination/topic/detail share components intentionally; preserve URL and SEO metadata.,Contextual / embedded / legacy (inspect links),Direct request: manual contract trace,,src/pages/blog/topic/[topic].tsx
/cart,public,Keep transactional boundary,Public / Account,"Customer auth/cart/status needs separate state, no staff shell or MFA changes.",Contextual / embedded / legacy (inspect links),Direct request: manual contract trace,,src/pages/cart.tsx
/checkout/status,public,Keep transactional boundary,Public / Account,"Customer auth/cart/status needs separate state, no staff shell or MFA changes.",Contextual / embedded / legacy (inspect links),Direct request: manual contract trace,,src/pages/checkout/status.tsx
/checkout/success,public,Share status component,Public / Checkout,Reuse authoritative status semantics; retain legacy return URL.,Contextual / embedded / legacy (inspect links),Direct request: manual contract trace,,src/pages/checkout/success.tsx
/clear-closure,public,Keep shared brand template,Public / Marketing,"Distinct offering/landing purpose. Consolidate components, not customer-facing product URLs without a business decision.",Contextual / embedded / legacy (inspect links),Static / hub / redirect / provider SDK,,src/pages/clear-closure.tsx
/contact,public,Keep necessary page,Public / Support,Preserve support/error function and canonical destination; standardize shared components.,Contextual / embedded / legacy (inspect links),Direct request: manual contract trace,,src/pages/contact.tsx
/dastavez,public,Keep shared brand template,Public / Marketing,"Distinct offering/landing purpose. Consolidate components, not customer-facing product URLs without a business decision.",Contextual / embedded / legacy (inspect links),Static / hub / redirect / provider SDK,,src/pages/dastavez.tsx
/drop-docs,public,Keep intake door,Public / Services,Customer file intake differs from secure document delivery.,Contextual / embedded / legacy (inspect links),Static / hub / redirect / provider SDK,reviewCta,src/pages/drop-docs.tsx
/elsewhere,public,Keep shared brand template,Public / Marketing,"Distinct offering/landing purpose. Consolidate components, not customer-facing product URLs without a business decision.",Contextual / embedded / legacy (inspect links),Static / hub / redirect / provider SDK,,src/pages/elsewhere.tsx
/expo-week,public,Keep shared brand template,Public / Marketing,"Distinct offering/landing purpose. Consolidate components, not customer-facing product URLs without a business decision.",Contextual / embedded / legacy (inspect links),Static / hub / redirect / provider SDK,,src/pages/expo-week.tsx
/get,public,Keep secure delivery,Public / Account,Authenticated file delivery; distinct from intake and public media redirects.,Contextual / embedded / legacy (inspect links),API helper + deployed path,,src/pages/get.tsx
/grahak-os,public,Keep shared brand template,Public / Marketing,"Distinct offering/landing purpose. Consolidate components, not customer-facing product URLs without a business decision.",Contextual / embedded / legacy (inspect links),Static / hub / redirect / provider SDK,,src/pages/grahak-os/index.tsx
/hunar,public,Keep shared brand template,Public / Marketing,"Distinct offering/landing purpose. Consolidate components, not customer-facing product URLs without a business decision.",Contextual / embedded / legacy (inspect links),Static / hub / redirect / provider SDK,,src/pages/hunar.tsx
/,public,Keep shared brand template,Public / Marketing,"Distinct offering/landing purpose. Consolidate components, not customer-facing product URLs without a business decision.",Contextual / embedded / legacy (inspect links),Static / hub / redirect / provider SDK,,src/pages/index.tsx
/leave-review,public,Keep truthful service door,Public / Services,Shared landing template; expose only supported/flag-enabled CTA and availability.,Contextual / embedded / legacy (inspect links),Static / hub / redirect / provider SDK,reviewCta,src/pages/leave-review.tsx
/niji-setu,public,Keep shared brand template,Public / Marketing,"Distinct offering/landing purpose. Consolidate components, not customer-facing product URLs without a business decision.",Contextual / embedded / legacy (inspect links),Static / hub / redirect / provider SDK,,src/pages/niji-setu.tsx
/orders,public,Keep customer boundary,Public / Account,"Customer orders and paid requests; WhatsApp OTP, invoice/review flags remain customer-specific.",Contextual / embedded / legacy (inspect links),Direct request: manual contract trace,invoiceDownload; reviewCta,src/pages/orders.tsx
/perks,public,Keep shared brand template,Public / Marketing,"Distinct offering/landing purpose. Consolidate components, not customer-facing product URLs without a business decision.",Contextual / embedded / legacy (inspect links),Static / hub / redirect / provider SDK,,src/pages/perks.tsx
/post/[slug],public,Keep canonical resource route,Public / Content,Blog pagination/topic/detail share components intentionally; preserve URL and SEO metadata.,Contextual / embedded / legacy (inspect links),Direct request: manual contract trace,,src/pages/post/[slug].tsx
/privacy,public,Keep legal content,Public / Legal,Shared LegalDocument is intentional reuse; content and canonical URL remain distinct.,Contextual / embedded / legacy (inspect links),Static / hub / redirect / provider SDK,,src/pages/privacy.tsx
/refer-and-earn,public,Keep truthful service door,Public / Services,Shared landing template; expose only supported/flag-enabled CTA and availability.,Contextual / embedded / legacy (inspect links),Static / hub / redirect / provider SDK,reviewCta,src/pages/refer-and-earn.tsx
/request-amendment,public,Keep paid service door,Public / Services,Amendment has ownership/prior request constraints and distinct intent lifecycle.,Contextual / embedded / legacy (inspect links),Direct request: manual contract trace,reviewCta,src/pages/request-amendment.tsx
/ritual-guru,public,Keep shared brand template,Public / Marketing,"Distinct offering/landing purpose. Consolidate components, not customer-facing product URLs without a business decision.",Contextual / embedded / legacy (inspect links),Static / hub / redirect / provider SDK,,src/pages/ritual-guru.tsx
/shipments,public,Keep availability page,Public / Products,Product/availability content; not a measured live shipment tracking console.,Contextual / embedded / legacy (inspect links),Static / hub / redirect / provider SDK,,src/pages/shipments.tsx
/shop/[slug],public,Keep dynamic products,Public / Products,Product detail family; /shop index intentionally redirects to home in current Amplify rules.,Contextual / embedded / legacy (inspect links),Static / hub / redirect / provider SDK,,src/pages/shop/[slug].tsx
/submit-request,public,Keep paid service door,Public / Services,New website-paid request-intent/checkout flow is not the staff submission UI.,Contextual / embedded / legacy (inspect links),Direct request: manual contract trace,reviewCta,src/pages/submit-request.tsx
/terms,public,Keep legal content,Public / Legal,Shared LegalDocument is intentional reuse; content and canonical URL remain distinct.,Contextual / embedded / legacy (inspect links),Static / hub / redirect / provider SDK,,src/pages/terms.tsx
/vault,public,Keep truthful service door,Public / Services,Shared landing template; expose only supported/flag-enabled CTA and availability.,Contextual / embedded / legacy (inspect links),Static / hub / redirect / provider SDK,reviewCta,src/pages/vault.tsx
/vayulok,public,Keep shared brand template,Public / Marketing,"Distinct offering/landing purpose. Consolidate components, not customer-facing product URLs without a business decision.",Contextual / embedded / legacy (inspect links),Direct request: manual contract trace,,src/pages/vayulok/index.tsx
/workspace/access,workspace,Keep account control,Settings / Your account,Account/access and security settings remain distinct from customer WhatsApp OTP.,Navigation registry,Static / hub / redirect / provider SDK,,src/pages/workspace/access/index.tsx
/workspace/access/security,workspace,Keep account control,Settings / Your account,Account/access and security settings remain distinct from customer WhatsApp OTP.,Navigation registry,Static / hub / redirect / provider SDK,,src/pages/workspace/access/security.tsx
/workspace/admin,workspace,Keep redirect; de-list,Legacy URLs,Intentional compatibility redirect; do not count as an independent feature.,Contextual / embedded / legacy (inspect links),Static / hub / redirect / provider SDK,,src/pages/workspace/admin/index.tsx
/workspace/commerce/catalog,workspace,Canonical catalog,Catalog,Wix products/orders/collections and sync are real API workflows; make selected product/order actions explicit.,Navigation registry,API helper + deployed path,,src/pages/workspace/commerce/catalog.tsx
/workspace/commerce,workspace,Defer flagged home,Catalog,Commerce module defaults OFF. Current app/branch env does not enable it; preserve working catalog/commerce routes.,Navigation registry,Static / hub / redirect / provider SDK,commerceModule,src/pages/workspace/commerce/index.tsx
/workspace/contacts,workspace,Canonical contacts,Contacts,Contact list/import/edit are core; selected contact owns conversation/order/payment context.,Navigation registry,API helper + deployed path,,src/pages/workspace/contacts/index.tsx
/workspace/dashboard/code-repo,workspace,Move to developer docs,Admin / Documentation,"Static code registry, not a GitHub browser; maintain one generated source inventory.",Navigation registry,Static / hub / redirect / provider SDK,,src/pages/workspace/dashboard/code-repo.tsx
/workspace/dashboard/cors-settings,workspace,Keep admin capability,Admin / Platform,"Backend-backed or configuration capability; show sanitized, timestamped evidence and scoped actions.",Navigation registry,API helper + deployed path,,src/pages/workspace/dashboard/cors-settings.tsx
/workspace/dashboard/design-reference,workspace,Move to design docs,Admin / Documentation,Developer reference rather than operator workflow. Keep design system source outside daily nav.,Navigation registry,Static / hub / redirect / provider SDK,,src/pages/workspace/dashboard/design-reference.tsx
/workspace/dashboard,workspace,Rebuild overview,Home / Platform,"Large operational/developer/configuration mixture; show real work queues and sourced status, split admin tools.",Navigation registry,API helper + deployed path,,src/pages/workspace/dashboard/index.tsx
/workspace/dashboard/lambda-functions,workspace,Replace static status,Admin / Platform,45 static rows versus 74 live functions; two static active functions absent. Use sanitized live metadata.,Navigation registry,API helper + deployed path,,src/pages/workspace/dashboard/lambda-functions.tsx
/workspace/dashboard/mcp-connections,workspace,Keep; deploy gap,Settings / Integrations,Required integration status/actions; live Lambda remains version 10. Provider authorization differs from AWS reachability.,Navigation registry,Direct request: manual contract trace,,src/pages/workspace/dashboard/mcp-connections.tsx
/workspace/dashboard/secure-files,workspace,Keep admin capability,Admin / Platform,"Backend-backed or configuration capability; show sanitized, timestamped evidence and scoped actions.",Navigation registry,API helper + deployed path,,src/pages/workspace/dashboard/secure-files.tsx
/workspace/dashboard/system-architecture,workspace,Merge reference,Admin / Platform,Static architecture/status and resource descriptions duplicate other diagnostic pages. Documentation needs freshness.,Navigation registry,Static / hub / redirect / provider SDK,,src/pages/workspace/dashboard/system-architecture.tsx
/workspace/dashboard/wa-graph-tools,workspace,Split by resource,Settings / WhatsApp,"Mixed account, schedules, commerce, AI policy and Graph diagnostics. Move controls into their owning resource.",Navigation registry,API helper + deployed path,,src/pages/workspace/dashboard/wa-graph-tools.tsx
/workspace/dashboard/waba-usernames,workspace,Merge,Settings / WhatsApp,Same username helpers as BSUID. One account identity page with capability-specific sections.,Navigation registry,API helper + deployed path,,src/pages/workspace/dashboard/waba-usernames.tsx
/workspace/docs,workspace,Keep redirect; de-list,Legacy URLs,Intentional compatibility redirect; do not count as an independent feature.,Navigation registry,Static / hub / redirect / provider SDK,,src/pages/workspace/docs/index.tsx
/workspace/engage/analytics,workspace,Keep; consistent pattern,Settings / Channels,Preserve current capability and remove redundant shell/navigation; backend health remains unverified end to end.,Navigation registry,API helper + deployed path,,src/pages/workspace/engage/analytics/index.tsx
/workspace/engage/appointments,workspace,Keep specialized queue,Service Ops,"Real workflow with distinct lifecycle/record type; consistent table/detail shell, not one flattened data model.",Navigation registry,API helper + deployed path,,src/pages/workspace/engage/appointments/index.tsx
/workspace/engage/automation,workspace,Keep; consistent pattern,Settings / Channels,Preserve current capability and remove redundant shell/navigation; backend health remains unverified end to end.,Navigation registry,API helper + deployed path,,src/pages/workspace/engage/automation/index.tsx
/workspace/engage/broadcast,workspace,Keep operational view,Campaigns,Audience/send and delivery logs are complementary tasks; reuse data and filters rather than duplicate stores.,Navigation registry,API helper + deployed path,,src/pages/workspace/engage/broadcast/index.tsx
/workspace/engage/channels,workspace,Merge navigation hub,Settings / Channels,Channel entry grid is useful navigation but not backend channel health.,Navigation registry,Static / hub / redirect / provider SDK,,src/pages/workspace/engage/channels/index.tsx
/workspace/engage/commerce,workspace,Keep contextual tools,Catalog / Payments,WhatsApp native catalog/order/payment actions differ from Wix product inventory; link records rather than merge models.,Navigation registry,Direct request: manual contract trace,,src/pages/workspace/engage/commerce/index.tsx
/workspace/engage/contact-360,workspace,Merge into detail,Contacts,Useful customer context; open from selected contact rather than another list destination.,Navigation registry,API helper + deployed path,,src/pages/workspace/engage/contact-360/index.tsx
/workspace/engage/content,workspace,Merge resource views,Campaigns / Templates,Template aggregation should reuse canonical channel template lists.,Navigation registry,API helper + deployed path,,src/pages/workspace/engage/content/index.tsx
/workspace/engage/cost,workspace,Keep labeled estimate,Campaigns / Insights,"Volume times editable rates is a planning estimate, not actual invoice or Cost Explorer.",Navigation registry,API helper + deployed path,,src/pages/workspace/engage/cost/index.tsx
/workspace/engage/docs,workspace,Keep; consistent pattern,Settings / Channels,Preserve current capability and remove redundant shell/navigation; backend health remains unverified end to end.,Navigation registry,Direct request: manual contract trace,,src/pages/workspace/engage/docs/index.tsx
/workspace/engage/documents,workspace,Keep specialized queue,Service Ops,"Real workflow with distinct lifecycle/record type; consistent table/detail shell, not one flattened data model.",Navigation registry,API helper + deployed path,,src/pages/workspace/engage/documents/index.tsx
/workspace/engage/enterprise,workspace,Keep specialized queue,Service Ops,"Real workflow with distinct lifecycle/record type; consistent table/detail shell, not one flattened data model.",Navigation registry,API helper + deployed path,,src/pages/workspace/engage/enterprise/index.tsx
/workspace/engage/faq,workspace,Keep specialized queue,Service Ops,"Real workflow with distinct lifecycle/record type; consistent table/detail shell, not one flattened data model.",Navigation registry,API helper + deployed path,,src/pages/workspace/engage/faq/index.tsx
/workspace/engage/inbox,workspace,Keep; consistent pattern,Inbox,Preserve current capability and remove redundant shell/navigation; backend health remains unverified end to end.,Navigation registry,API helper + deployed path,,src/pages/workspace/engage/inbox/index.tsx
/workspace/engage,workspace,Keep secondary hub,Inbox / Settings,Message overview/navigation hub; can become contextual channel/settings entry.,Navigation registry,Static / hub / redirect / provider SDK,,src/pages/workspace/engage/index.tsx
/workspace/engage/logs,workspace,Keep operational view,Campaigns,Audience/send and delivery logs are complementary tasks; reuse data and filters rather than duplicate stores.,Navigation registry,API helper + deployed path,,src/pages/workspace/engage/logs/index.tsx
/workspace/engage/meta-agent,workspace,Consolidate carefully,Settings / AI,Meta-backed agent configuration overlaps WhatsApp AI Agent. Keep distinct internal assistant separate.,Navigation registry,Direct request: manual contract trace,,src/pages/workspace/engage/meta-agent/index.tsx
/workspace/engage/orders,workspace,Canonical order component,Service Ops,Embedded in Service Ops. Not a duplicate implementation simply because both routes display it.,Contextual / embedded / legacy (inspect links),API helper + deployed path,,src/pages/workspace/engage/orders/index.tsx
/workspace/engage/push,workspace,Keep; consistent pattern,Settings / Channels,Preserve current capability and remove redundant shell/navigation; backend health remains unverified end to end.,Navigation registry,Direct request: manual contract trace,,src/pages/workspace/engage/push/index.tsx
/workspace/engage/rcs,workspace,Keep resource/config,Settings / Channels,RCS hub/send/templates are related views; reuse canonical templates and retain channel-specific payloads.,Navigation registry,Static / hub / redirect / provider SDK,,src/pages/workspace/engage/rcs/index.tsx
/workspace/engage/rcs/send,workspace,Keep resource/config,Settings / Channels,RCS hub/send/templates are related views; reuse canonical templates and retain channel-specific payloads.,Contextual / embedded / legacy (inspect links),API helper + deployed path,,src/pages/workspace/engage/rcs/send.tsx
/workspace/engage/rcs/templates,workspace,Keep resource/config,Settings / Channels,RCS hub/send/templates are related views; reuse canonical templates and retain channel-specific payloads.,Contextual / embedded / legacy (inspect links),API helper + deployed path,,src/pages/workspace/engage/rcs/templates.tsx
/workspace/engage/reviews,workspace,Keep specialized queue,Service Ops,"Real workflow with distinct lifecycle/record type; consistent table/detail shell, not one flattened data model.",Navigation registry,API helper + deployed path,,src/pages/workspace/engage/reviews/index.tsx
/workspace/engage/rx-slots,workspace,Keep specialized queue,Service Ops,"Real workflow with distinct lifecycle/record type; consistent table/detail shell, not one flattened data model.",Navigation registry,API helper + deployed path,,src/pages/workspace/engage/rx-slots/index.tsx
/workspace/engage/scheduled,workspace,Keep; repair contract,Campaigns,Schedule list is wired; cancellation uses missing item route. Fix before consolidating tables.,Navigation registry,API helper + deployed path,,src/pages/workspace/engage/scheduled/index.tsx
/workspace/engage/search,workspace,Merge,Inbox,Message search uses the same Messages/Contacts sources; integrate as Inbox search with URL state.,Navigation registry,API helper + deployed path,,src/pages/workspace/engage/search/index.tsx
/workspace/engage/service-ops,workspace,Keep hub; simplify tabs,Service Ops,Reuses ten pages as tabs. Extract shared components and unify selected order/request detail.,Navigation registry,API helper + deployed path,,src/pages/workspace/engage/service-ops/index.tsx
/workspace/engage/ses,workspace,Keep; consistent pattern,Settings / Channels,Preserve current capability and remove redundant shell/navigation; backend health remains unverified end to end.,Navigation registry,Static / hub / redirect / provider SDK,,src/pages/workspace/engage/ses/index.tsx
/workspace/engage/settings,workspace,Keep; consistent pattern,Settings / Channels,Preserve current capability and remove redundant shell/navigation; backend health remains unverified end to end.,Navigation registry,API helper + deployed path,,src/pages/workspace/engage/settings/index.tsx
/workspace/engage/sms,workspace,Keep; consistent pattern,Settings / Channels,Preserve current capability and remove redundant shell/navigation; backend health remains unverified end to end.,Navigation registry,API helper + deployed path,,src/pages/workspace/engage/sms/index.tsx
/workspace/engage/voice,workspace,Keep specialized tools,Settings / Calling,Outbound voice/IVR config differs from voice records. Record browsing belongs in common Inbox.,Navigation registry,API helper + deployed path,,src/pages/workspace/engage/voice/index.tsx
/workspace/engage/voice-in,workspace,Keep specialized tools,Settings / Calling,IVR/audio configuration has live backend; retain protected activation/send controls.,Navigation registry,API helper + deployed path,,src/pages/workspace/engage/voice-in/index.tsx
/workspace/engage/whatsapp/ai-agent,workspace,Canonical customer agent,Settings / AI,Meta agent resource plus routing; share configuration rather than duplicate shells.,Navigation registry,API helper + deployed path,,src/pages/workspace/engage/whatsapp/ai-agent.tsx
/workspace/engage/whatsapp/auto-response,workspace,Keep; repair save states,Settings / Automation,updateSystemConfig failure boolean ignored; share welcome/main-menu config with canonical automation resource.,Navigation registry,API helper + deployed path,,src/pages/workspace/engage/whatsapp/auto-response.tsx
/workspace/engage/whatsapp/bsuid,workspace,Canonical identity,Settings / WhatsApp,"Keep username/BSUID actions together, with provider support and role checks.",Navigation registry,API helper + deployed path,,src/pages/workspace/engage/whatsapp/bsuid.tsx
/workspace/engage/whatsapp/business-profile,workspace,Keep; group by resource,Settings / WhatsApp,"Specialized provider resource/action; role and provider authorization must be checked, not inferred from menu presence.",Navigation registry,API helper + deployed path,,src/pages/workspace/engage/whatsapp/business-profile.tsx
/workspace/engage/whatsapp/calling,workspace,Keep specialized tools,Settings / Calling,Large calling/permission/SIP/softphone surface; separate record inspection from routing config and media testing.,Navigation registry,API helper + deployed path,,src/pages/workspace/engage/whatsapp/calling.tsx
/workspace/engage/whatsapp/campaign,workspace,Merge composer,Campaigns,Same contacts/templates sources as Broadcast; keep WhatsApp-specific audience rules.,Navigation registry,API helper + deployed path,,src/pages/workspace/engage/whatsapp/campaign.tsx
/workspace/engage/whatsapp/catalog-builder,workspace,Merge workflow steps,Catalog / Flow Settings,Separate product editing from Flow creation; reuse canonical resource components and mapping.,Navigation registry,API helper + deployed path,,src/pages/workspace/engage/whatsapp/catalog-builder.tsx
/workspace/engage/whatsapp/connected-accounts,workspace,Keep staff integration,Settings / Integrations,Staff account connections and Partner own account share backend operations but must not merge access scopes.,Navigation registry,Direct request: manual contract trace,,src/pages/workspace/engage/whatsapp/connected-accounts.tsx
/workspace/engage/whatsapp/conversions-api,workspace,Keep; group by resource,Settings / WhatsApp,"Specialized provider resource/action; role and provider authorization must be checked, not inferred from menu presence.",Navigation registry,API helper + deployed path,,src/pages/workspace/engage/whatsapp/conversions-api.tsx
/workspace/engage/whatsapp/cost-controls,workspace,Keep; group by resource,Settings / WhatsApp,"Specialized provider resource/action; role and provider authorization must be checked, not inferred from menu presence.",Navigation registry,API helper + deployed path,,src/pages/workspace/engage/whatsapp/cost-controls.tsx
/workspace/engage/whatsapp/ctwa-ads,workspace,Keep; group by resource,Settings / WhatsApp,"Specialized provider resource/action; role and provider authorization must be checked, not inferred from menu presence.",Navigation registry,API helper + deployed path,,src/pages/workspace/engage/whatsapp/ctwa-ads.tsx
/workspace/engage/whatsapp/embedded-signup,workspace,Keep; group by resource,Settings / WhatsApp,"Specialized provider resource/action; role and provider authorization must be checked, not inferred from menu presence.",Navigation registry,Direct request: manual contract trace,,src/pages/workspace/engage/whatsapp/embedded-signup.tsx
/workspace/engage/whatsapp/flow-hub,workspace,Split operations/setup,Service Ops / Settings,Submissions and SLA in daily queue; Flow registry/config in Settings.,Navigation registry,API helper + deployed path,,src/pages/workspace/engage/whatsapp/flow-hub.tsx
/workspace/engage/whatsapp/flow-publish,workspace,Merge into detail,Settings / Flows,"Publishing checklist belongs in selected Flow detail, preserving approval/provider restrictions.",Navigation registry,API helper + deployed path,,src/pages/workspace/engage/whatsapp/flow-publish.tsx
/workspace/engage/whatsapp/flow-responses,workspace,Merge into queue,Service Ops,"Combines Flow submissions, submit requests and logs; separate source/lifecycle rather than duplicate queues.",Navigation registry,API helper + deployed path,,src/pages/workspace/engage/whatsapp/flow-responses.tsx
/workspace/engage/whatsapp/flows,workspace,Keep; group by resource,Settings / WhatsApp,"Specialized provider resource/action; role and provider authorization must be checked, not inferred from menu presence.",Navigation registry,API helper + deployed path,,src/pages/workspace/engage/whatsapp/flows.tsx
/workspace/engage/whatsapp/groups,workspace,Keep; group by resource,Settings / WhatsApp,"Specialized provider resource/action; role and provider authorization must be checked, not inferred from menu presence.",Navigation registry,API helper + deployed path,,src/pages/workspace/engage/whatsapp/groups.tsx
/workspace/engage/whatsapp/inbox,workspace,Merge after parity,Inbox,"Separate implementation shares message/contact APIs with common Inbox; needs feature parity, not blind deletion.",Contextual / embedded / legacy (inspect links),API helper + deployed path,,src/pages/workspace/engage/whatsapp/inbox.tsx
/workspace/engage/whatsapp,workspace,Merge after parity,Inbox,Wrapper around separate WhatsApp inbox. Preserve channel-specific tools before redirecting to common Inbox.,Navigation registry,API helper + deployed path,,src/pages/workspace/engage/whatsapp/index.tsx
/workspace/engage/whatsapp/interactive-lists,workspace,Keep; group by resource,Settings / WhatsApp,"Specialized provider resource/action; role and provider authorization must be checked, not inferred from menu presence.",Navigation registry,API helper + deployed path,,src/pages/workspace/engage/whatsapp/interactive-lists.tsx
/workspace/engage/whatsapp/migration,workspace,Restricted advanced,Settings / Integrations,Contains number migration/OTP/registration actions; hide from daily operators and preserve protected-action rules.,Navigation registry,API helper + deployed path,,src/pages/workspace/engage/whatsapp/migration.tsx
/workspace/engage/whatsapp/my-account,workspace,Keep partner scope,Partner account,Own-account partner experience is a distinct permission boundary from staff connected-account management.,Navigation registry,Direct request: manual contract trace,,src/pages/workspace/engage/whatsapp/my-account.tsx
/workspace/engage/whatsapp/scripts,workspace,Merge reference,Settings / Automation,Displays existing SystemConfig. Use one source/config owner per automation.,Navigation registry,API helper + deployed path,,src/pages/workspace/engage/whatsapp/scripts.tsx
/workspace/engage/whatsapp/send-test,workspace,Keep; group by resource,Settings / WhatsApp,"Specialized provider resource/action; role and provider authorization must be checked, not inferred from menu presence.",Navigation registry,API helper + deployed path,,src/pages/workspace/engage/whatsapp/send-test.tsx
/workspace/engage/whatsapp/settings,workspace,Merge settings entry,Settings / WhatsApp,Navigation into existing WhatsApp setup resources; avoid another settings directory.,Navigation registry,Static / hub / redirect / provider SDK,,src/pages/workspace/engage/whatsapp/settings.tsx
/workspace/engage/whatsapp/tech-partner,workspace,Keep; group by resource,Settings / WhatsApp,"Specialized provider resource/action; role and provider authorization must be checked, not inferred from menu presence.",Navigation registry,API helper + deployed path,,src/pages/workspace/engage/whatsapp/tech-partner.tsx
/workspace/engage/whatsapp/template-builder,workspace,Merge into create,Settings / Templates,Creation task inside template resource; maintain deep link and validation.,Navigation registry,API helper + deployed path,,src/pages/workspace/engage/whatsapp/template-builder.tsx
/workspace/engage/whatsapp/templates,workspace,Keep; group by resource,Settings / WhatsApp,"Specialized provider resource/action; role and provider authorization must be checked, not inferred from menu presence.",Navigation registry,API helper + deployed path,,src/pages/workspace/engage/whatsapp/templates.tsx
/workspace/engage/whatsapp/waba-dashboard,workspace,Keep; group by resource,Settings / WhatsApp,"Specialized provider resource/action; role and provider authorization must be checked, not inferred from menu presence.",Navigation registry,API helper + deployed path,,src/pages/workspace/engage/whatsapp/waba-dashboard.tsx
/workspace/engage/whatsapp/webhooks,workspace,Keep; group by resource,Settings / WhatsApp,"Specialized provider resource/action; role and provider authorization must be checked, not inferred from menu presence.",Navigation registry,API helper + deployed path,,src/pages/workspace/engage/whatsapp/webhooks.tsx
/workspace/engage/whatsapp/welcome,workspace,Merge; repair save states,Settings / Automation,Welcome configuration overlaps Auto Response; do not toast success for a failed write.,Navigation registry,API helper + deployed path,,src/pages/workspace/engage/whatsapp/welcome.tsx
/workspace/forms,workspace,Keep redirect; de-list,Legacy URLs,Intentional compatibility redirect; do not count as an independent feature.,Navigation registry,Static / hub / redirect / provider SDK,,src/pages/workspace/forms/index.tsx
/workspace/forms/responses,workspace,Merge into queue,Service Ops,SubmitRequest subset; retain source filter in unified requests/responses queue.,Navigation registry,API helper + deployed path,,src/pages/workspace/forms/responses.tsx
/workspace/forms/selfservice,workspace,Keep as monitor,Service Ops,"Flow logs/customer service hub is an operational monitor, not a form builder.",Navigation registry,API helper + deployed path,,src/pages/workspace/forms/selfservice.tsx
/workspace,workspace,Relabel workspace home,Home,Module tile registry; replace repeated directory grid with role-specific work overview.,Contextual / embedded / legacy (inspect links),Static / hub / redirect / provider SDK,,src/pages/workspace/index.tsx
/workspace/link,workspace,Keep reusable tool,Campaigns / Links,Short links/analytics are backend-backed and may support multiple workflows.,Navigation registry,Direct request: manual contract trace,,src/pages/workspace/link/index.tsx
/workspace/pay/flow,workspace,Keep contextual action,Payments,Invoice/payment workflow is real; browser-only configuration needs explicit scope and write confirmation.,Navigation registry,API helper + deployed path,,src/pages/workspace/pay/flow/index.tsx
/workspace/pay,workspace,Keep shared hub,Payments,Hub embeds payment pages intentionally. Extract shared resource components rather than remove capability.,Navigation registry,API helper + deployed path,,src/pages/workspace/pay/index.tsx
/workspace/pay/link,workspace,Relabel and simplify,Payments,"Local UPI URI generation, not provider-hosted monitored payment link. Customer/expiry fields do not establish backend records.",Navigation registry,Static / hub / redirect / provider SDK,,src/pages/workspace/pay/link/index.tsx
/workspace/pay/records,workspace,Canonical ledger,Payments,Read-only invoice/delivery record view. Keep detail and failure states; use shared resource table.,Navigation registry,API helper + deployed path,,src/pages/workspace/pay/records.tsx
/workspace/seo/analytics,workspace,Configuration-blocked,Content / SEO,Uses external seoFetch URL and seo_token; neither is established by current configuration/application sign-in.,Navigation registry,Static / hub / redirect / provider SDK,,src/pages/workspace/seo/analytics.tsx
/workspace/seo/blog-manager,workspace,Keep post SEO,Content / SEO,seo-tools audit/approval for existing posts; separate from draft production and broken external SEO client.,Navigation registry,API helper + deployed path,,src/pages/workspace/seo/blog-manager.tsx
/workspace/seo/blog-production/batch,workspace,Keep workflow steps,Content,"Production batch/review/QA/publish are distinct lifecycle stages; context links suffice, register production entry in search.",Contextual / embedded / legacy (inspect links),Static / hub / redirect / provider SDK,,src/pages/workspace/seo/blog-production/batch/index.tsx
/workspace/seo/blog-production,workspace,Keep workflow steps,Content,"Production batch/review/QA/publish are distinct lifecycle stages; context links suffice, register production entry in search.",Contextual / embedded / legacy (inspect links),Static / hub / redirect / provider SDK,,src/pages/workspace/seo/blog-production/index.tsx
/workspace/seo/blog-production/publish,workspace,Keep workflow steps,Content,"Production batch/review/QA/publish are distinct lifecycle stages; context links suffice, register production entry in search.",Contextual / embedded / legacy (inspect links),Static / hub / redirect / provider SDK,,src/pages/workspace/seo/blog-production/publish/index.tsx
/workspace/seo/blog-production/qa,workspace,Keep workflow steps,Content,"Production batch/review/QA/publish are distinct lifecycle stages; context links suffice, register production entry in search.",Contextual / embedded / legacy (inspect links),Static / hub / redirect / provider SDK,,src/pages/workspace/seo/blog-production/qa/index.tsx
/workspace/seo/blog-production/review,workspace,Keep workflow steps,Content,"Production batch/review/QA/publish are distinct lifecycle stages; context links suffice, register production entry in search.",Contextual / embedded / legacy (inspect links),Static / hub / redirect / provider SDK,,src/pages/workspace/seo/blog-production/review/index.tsx
/workspace/seo/blog-studio,workspace,Keep editorial workflow,Content,Intake/source/draft workflow uses seo-tools. Distinct from auditing existing published posts.,Navigation registry,Direct request: manual contract trace,,src/pages/workspace/seo/blog-studio.tsx
/workspace/seo,workspace,Keep clear hub,Content,"Public-site/blog checks plus links, including Blog Production. A hub is not evidence all subservices are operational.",Navigation registry,Direct request: manual contract trace,,src/pages/workspace/seo/index.tsx
/workspace/seo/issues,workspace,Configuration-blocked,Content / SEO,Uses external seoFetch URL and seo_token; neither is established by current configuration/application sign-in.,Navigation registry,Static / hub / redirect / provider SDK,,src/pages/workspace/seo/issues.tsx
/workspace/seo/page,workspace,Configuration-blocked,Content / SEO,Detail route uses separate seoFetch URL/token; needs an actual supported backend configuration.,Contextual / embedded / legacy (inspect links),Static / hub / redirect / provider SDK,,src/pages/workspace/seo/page/index.tsx
/workspace/seo/pages-manager,workspace,Keep supported audits,Content / SEO,seo-tools page audit; product paths need canonical URL review before consolidating resource metadata.,Navigation registry,API helper + deployed path,,src/pages/workspace/seo/pages-manager.tsx
/workspace/seo/pages,workspace,Configuration-blocked,Content / SEO,Uses external seoFetch URL and seo_token; neither is established by current configuration/application sign-in.,Navigation registry,Static / hub / redirect / provider SDK,,src/pages/workspace/seo/pages.tsx
/workspace/seo/properties,workspace,Configuration-blocked,Content / SEO,Uses external seoFetch URL and seo_token; neither is established by current configuration/application sign-in.,Navigation registry,Static / hub / redirect / provider SDK,,src/pages/workspace/seo/properties.tsx
/workspace/seo/schema,workspace,Configuration-blocked,Content / SEO,Uses external seoFetch URL and seo_token; neither is established by current configuration/application sign-in.,Navigation registry,Static / hub / redirect / provider SDK,,src/pages/workspace/seo/schema.tsx
/workspace/seo/sitemaps,workspace,Configuration-blocked,Content / SEO,Uses external seoFetch URL and seo_token; neither is established by current configuration/application sign-in.,Navigation registry,Static / hub / redirect / provider SDK,,src/pages/workspace/seo/sitemaps.tsx
/workspace/seo/tools,workspace,Restrict diagnostic tools,Content / SEO Settings,Public/API diagnostics and direct Google requests need provider readiness; do not claim whole SEO platform is connected.,Navigation registry,Direct request: manual contract trace,,src/pages/workspace/seo/tools.tsx
/workspace/seo/tracking,workspace,Configuration-blocked,Content / SEO,Uses external seoFetch URL and seo_token; neither is established by current configuration/application sign-in.,Navigation registry,Static / hub / redirect / provider SDK,,src/pages/workspace/seo/tracking.tsx
/workspace/service/amend-request,workspace,Keep workflow; reconcile,Service Ops,Staff Flow amendment and new customer paid amendment are different models; preserve lineage.,Navigation registry,API helper + deployed path,,src/pages/workspace/service/amend-request.tsx
/workspace/service,workspace,Merge navigation hub,Service Ops,Entry directory can redirect to canonical Service Ops while preserving URLs.,Contextual / embedded / legacy (inspect links),Static / hub / redirect / provider SDK,,src/pages/workspace/service/index.tsx
/workspace/service/submit-request,workspace,Keep workflow; reconcile,Service Ops,Staff draft/submission workflow uses legacy Flow service API; new website paid requests need staff management contract.,Navigation registry,API helper + deployed path,,src/pages/workspace/service/submit-request.tsx
/workspace/service/track-request,workspace,Merge into detail,Service Ops,Old Flow submission tracking belongs in order/request detail. New ServiceRequestsTable coverage is missing.,Navigation registry,API helper + deployed path,,src/pages/workspace/service/track-request.tsx
/workspace/settings/internal-agent,workspace,Keep internal assistant,Settings / Internal AI,Staff assistant differs from customer-facing Meta AI; do not combine prompt/access scope.,Navigation registry,Static / hub / redirect / provider SDK,,src/pages/workspace/settings/internal-agent.tsx
/workspace/task,workspace,Keep daily queue,Tasks,Real ConversationMeta assignment/work queue; old architecture descriptions saying coming soon are stale.,Navigation registry,API helper + deployed path,,src/pages/workspace/task/index.tsx
