Existing route,Canonical destination,Audit decision,Preservation or gap,Current source
/workspace/access,Settings / Your account,Keep account control,Account/access and security settings remain distinct from customer WhatsApp OTP.,src/pages/workspace/access/index.tsx
/workspace/access/security,Settings / Your account,Keep account control,Account/access and security settings remain distinct from customer WhatsApp OTP.,src/pages/workspace/access/security.tsx
/workspace/admin,Settings / Platform,Keep redirect; de-list,Intentional compatibility redirect; do not count as an independent feature.,src/pages/workspace/admin/index.tsx
/workspace/commerce/catalog,Catalog,Canonical catalog,Wix products/orders/collections and sync are real API workflows; make selected product/order actions explicit.,src/pages/workspace/commerce/catalog.tsx
/workspace/commerce,Catalog,Defer flagged home,Commerce module defaults OFF. Current app/branch env does not enable it; preserve working catalog/commerce routes.,src/pages/workspace/commerce/index.tsx
/workspace/contacts,Contacts,Canonical contacts,Contact list/import/edit are core; selected contact owns conversation/order/payment context.,src/pages/workspace/contacts/index.tsx
/workspace/dashboard/code-repo,Settings / Platform,Move to developer docs,"Static code registry, not a GitHub browser; maintain one generated source inventory.",src/pages/workspace/dashboard/code-repo.tsx
/workspace/dashboard/cors-settings,Settings / Platform,Keep admin capability,"Backend-backed or configuration capability; show sanitized, timestamped evidence and scoped actions.",src/pages/workspace/dashboard/cors-settings.tsx
/workspace/dashboard/design-reference,Settings / Platform,Move to design docs,Developer reference rather than operator workflow. Keep design system source outside daily nav.,src/pages/workspace/dashboard/design-reference.tsx
/workspace/dashboard,Home,Rebuild overview,"Large operational/developer/configuration mixture; show real work queues and sourced status, split admin tools.",src/pages/workspace/dashboard/index.tsx
/workspace/dashboard/lambda-functions,Settings / Platform,Replace static status,45 static rows versus 74 live functions; two static active functions absent. Use sanitized live metadata.,src/pages/workspace/dashboard/lambda-functions.tsx
/workspace/dashboard/mcp-connections,Settings / Integrations,Keep; deploy gap,Required integration status/actions; live Lambda remains version 10. Provider authorization differs from AWS reachability.,src/pages/workspace/dashboard/mcp-connections.tsx
/workspace/dashboard/secure-files,Settings / Platform,Keep admin capability,"Backend-backed or configuration capability; show sanitized, timestamped evidence and scoped actions.",src/pages/workspace/dashboard/secure-files.tsx
/workspace/dashboard/system-architecture,Settings / Platform,Merge reference,Static architecture/status and resource descriptions duplicate other diagnostic pages. Documentation needs freshness.,src/pages/workspace/dashboard/system-architecture.tsx
/workspace/dashboard/wa-graph-tools,Settings / Channels,Split by resource,"Mixed account, schedules, commerce, AI policy and Graph diagnostics. Move controls into their owning resource.",src/pages/workspace/dashboard/wa-graph-tools.tsx
/workspace/dashboard/waba-usernames,Settings / Channels,Merge,Same username helpers as BSUID. One account identity page with capability-specific sections.,src/pages/workspace/dashboard/waba-usernames.tsx
/workspace/docs,Settings / Platform,Keep redirect; de-list,Intentional compatibility redirect; do not count as an independent feature.,src/pages/workspace/docs/index.tsx
/workspace/engage/analytics,Campaigns,Keep; consistent pattern,Preserve current capability and remove redundant shell/navigation; backend health remains unverified end to end.,src/pages/workspace/engage/analytics/index.tsx
/workspace/engage/appointments,Service Ops,Keep specialized queue,"Real workflow with distinct lifecycle/record type; consistent table/detail shell, not one flattened data model.",src/pages/workspace/engage/appointments/index.tsx
/workspace/engage/automation,Settings / Automation & AI,Keep; consistent pattern,Preserve current capability and remove redundant shell/navigation; backend health remains unverified end to end.,src/pages/workspace/engage/automation/index.tsx
/workspace/engage/broadcast,Campaigns,Keep operational view,Audience/send and delivery logs are complementary tasks; reuse data and filters rather than duplicate stores.,src/pages/workspace/engage/broadcast/index.tsx
/workspace/engage/channels,Settings / Channels,Merge navigation hub,Channel entry grid is useful navigation but not backend channel health.,src/pages/workspace/engage/channels/index.tsx
/workspace/engage/commerce,Catalog,Keep contextual tools,WhatsApp native catalog/order/payment actions differ from Wix product inventory; link records rather than merge models.,src/pages/workspace/engage/commerce/index.tsx
/workspace/engage/contact-360,Contacts,Merge into detail,Useful customer context; open from selected contact rather than another list destination.,src/pages/workspace/engage/contact-360/index.tsx
/workspace/engage/content,Campaigns,Merge resource views,Template aggregation should reuse canonical channel template lists.,src/pages/workspace/engage/content/index.tsx
/workspace/engage/cost,Campaigns,Keep labeled estimate,"Volume times editable rates is a planning estimate, not actual invoice or Cost Explorer.",src/pages/workspace/engage/cost/index.tsx
/workspace/engage/docs,Settings / Platform,Keep; consistent pattern,Preserve current capability and remove redundant shell/navigation; backend health remains unverified end to end.,src/pages/workspace/engage/docs/index.tsx
/workspace/engage/documents,Service Ops,Keep specialized queue,"Real workflow with distinct lifecycle/record type; consistent table/detail shell, not one flattened data model.",src/pages/workspace/engage/documents/index.tsx
/workspace/engage/enterprise,Service Ops,Keep specialized queue,"Real workflow with distinct lifecycle/record type; consistent table/detail shell, not one flattened data model.",src/pages/workspace/engage/enterprise/index.tsx
/workspace/engage/faq,Service Ops,Keep specialized queue,"Real workflow with distinct lifecycle/record type; consistent table/detail shell, not one flattened data model.",src/pages/workspace/engage/faq/index.tsx
/workspace/engage/inbox,Inbox,Keep; consistent pattern,Preserve current capability and remove redundant shell/navigation; backend health remains unverified end to end.,src/pages/workspace/engage/inbox/index.tsx
/workspace/engage,Settings / Channels,Keep secondary hub,Message overview/navigation hub; can become contextual channel/settings entry.,src/pages/workspace/engage/index.tsx
/workspace/engage/logs,Campaigns,Keep operational view,Audience/send and delivery logs are complementary tasks; reuse data and filters rather than duplicate stores.,src/pages/workspace/engage/logs/index.tsx
/workspace/engage/meta-agent,Settings / Automation & AI,Consolidate carefully,Meta-backed agent configuration overlaps WhatsApp AI Agent. Keep distinct internal assistant separate.,src/pages/workspace/engage/meta-agent/index.tsx
/workspace/engage/orders,Service Ops,Canonical order component,Embedded in Service Ops. Not a duplicate implementation simply because both routes display it.,src/pages/workspace/engage/orders/index.tsx
/workspace/engage/push,Settings / Channels,Keep; consistent pattern,Preserve current capability and remove redundant shell/navigation; backend health remains unverified end to end.,src/pages/workspace/engage/push/index.tsx
/workspace/engage/rcs,Settings / Channels,Keep resource/config,RCS hub/send/templates are related views; reuse canonical templates and retain channel-specific payloads.,src/pages/workspace/engage/rcs/index.tsx
/workspace/engage/rcs/send,Inbox,Keep resource/config,RCS hub/send/templates are related views; reuse canonical templates and retain channel-specific payloads.,src/pages/workspace/engage/rcs/send.tsx
/workspace/engage/rcs/templates,Campaigns,Keep resource/config,RCS hub/send/templates are related views; reuse canonical templates and retain channel-specific payloads.,src/pages/workspace/engage/rcs/templates.tsx
/workspace/engage/reviews,Service Ops,Keep specialized queue,"Real workflow with distinct lifecycle/record type; consistent table/detail shell, not one flattened data model.",src/pages/workspace/engage/reviews/index.tsx
/workspace/engage/rx-slots,Service Ops,Keep specialized queue,"Real workflow with distinct lifecycle/record type; consistent table/detail shell, not one flattened data model.",src/pages/workspace/engage/rx-slots/index.tsx
/workspace/engage/scheduled,Campaigns,Keep; repair contract,Schedule list is wired; cancellation uses missing item route. Fix before consolidating tables.,src/pages/workspace/engage/scheduled/index.tsx
/workspace/engage/search,Inbox,Merge,Message search uses the same Messages/Contacts sources; integrate as Inbox search with URL state.,src/pages/workspace/engage/search/index.tsx
/workspace/engage/service-ops,Service Ops,Keep hub; simplify tabs,Reuses ten pages as tabs. Extract shared components and unify selected order/request detail.,src/pages/workspace/engage/service-ops/index.tsx
/workspace/engage/ses,Settings / Channels,Keep; consistent pattern,Preserve current capability and remove redundant shell/navigation; backend health remains unverified end to end.,src/pages/workspace/engage/ses/index.tsx
/workspace/engage/settings,Settings / Channels,Keep; consistent pattern,Preserve current capability and remove redundant shell/navigation; backend health remains unverified end to end.,src/pages/workspace/engage/settings/index.tsx
/workspace/engage/sms,Settings / Channels,Keep; consistent pattern,Preserve current capability and remove redundant shell/navigation; backend health remains unverified end to end.,src/pages/workspace/engage/sms/index.tsx
/workspace/engage/voice,Settings / Channels,Keep specialized tools,Outbound voice/IVR config differs from voice records. Record browsing belongs in common Inbox.,src/pages/workspace/engage/voice/index.tsx
/workspace/engage/voice-in,Settings / Channels,Keep specialized tools,IVR/audio configuration has live backend; retain protected activation/send controls.,src/pages/workspace/engage/voice-in/index.tsx
/workspace/engage/whatsapp/ai-agent,Settings / Automation & AI,Canonical customer agent,Meta agent resource plus routing; share configuration rather than duplicate shells.,src/pages/workspace/engage/whatsapp/ai-agent.tsx
/workspace/engage/whatsapp/auto-response,Settings / Automation & AI,Keep; repair save states,updateSystemConfig failure boolean ignored; share welcome/main-menu config with canonical automation resource.,src/pages/workspace/engage/whatsapp/auto-response.tsx
/workspace/engage/whatsapp/bsuid,Settings / Channels,Canonical identity,"Keep username/BSUID actions together, with provider support and role checks.",src/pages/workspace/engage/whatsapp/bsuid.tsx
/workspace/engage/whatsapp/business-profile,Settings / Channels,Keep; group by resource,"Specialized provider resource/action; role and provider authorization must be checked, not inferred from menu presence.",src/pages/workspace/engage/whatsapp/business-profile.tsx
/workspace/engage/whatsapp/calling,Settings / Channels,Keep specialized tools,Large calling/permission/SIP/softphone surface; separate record inspection from routing config and media testing.,src/pages/workspace/engage/whatsapp/calling.tsx
/workspace/engage/whatsapp/campaign,Campaigns,Merge composer,Same contacts/templates sources as Broadcast; keep WhatsApp-specific audience rules.,src/pages/workspace/engage/whatsapp/campaign.tsx
/workspace/engage/whatsapp/catalog-builder,Settings / Automation & AI,Merge workflow steps,Separate product editing from Flow creation; reuse canonical resource components and mapping.,src/pages/workspace/engage/whatsapp/catalog-builder.tsx
/workspace/engage/whatsapp/connected-accounts,Settings / Integrations,Keep staff integration,Staff account connections and Partner own account share backend operations but must not merge access scopes.,src/pages/workspace/engage/whatsapp/connected-accounts.tsx
/workspace/engage/whatsapp/conversions-api,Settings / Channels,Keep; group by resource,"Specialized provider resource/action; role and provider authorization must be checked, not inferred from menu presence.",src/pages/workspace/engage/whatsapp/conversions-api.tsx
/workspace/engage/whatsapp/cost-controls,Settings / Channels,Keep; group by resource,"Specialized provider resource/action; role and provider authorization must be checked, not inferred from menu presence.",src/pages/workspace/engage/whatsapp/cost-controls.tsx
/workspace/engage/whatsapp/ctwa-ads,Settings / Channels,Keep; group by resource,"Specialized provider resource/action; role and provider authorization must be checked, not inferred from menu presence.",src/pages/workspace/engage/whatsapp/ctwa-ads.tsx
/workspace/engage/whatsapp/embedded-signup,Settings / Channels,Keep; group by resource,"Specialized provider resource/action; role and provider authorization must be checked, not inferred from menu presence.",src/pages/workspace/engage/whatsapp/embedded-signup.tsx
/workspace/engage/whatsapp/flow-hub,Settings / Automation & AI,Split operations/setup,Submissions and SLA in daily queue; Flow registry/config in Settings.,src/pages/workspace/engage/whatsapp/flow-hub.tsx
/workspace/engage/whatsapp/flow-publish,Settings / Automation & AI,Merge into detail,"Publishing checklist belongs in selected Flow detail, preserving approval/provider restrictions.",src/pages/workspace/engage/whatsapp/flow-publish.tsx
/workspace/engage/whatsapp/flow-responses,Service Ops,Merge into queue,"Combines Flow submissions, submit requests and logs; separate source/lifecycle rather than duplicate queues.",src/pages/workspace/engage/whatsapp/flow-responses.tsx
/workspace/engage/whatsapp/flows,Settings / Automation & AI,Keep; group by resource,"Specialized provider resource/action; role and provider authorization must be checked, not inferred from menu presence.",src/pages/workspace/engage/whatsapp/flows.tsx
/workspace/engage/whatsapp/groups,Settings / Channels,Keep; group by resource,"Specialized provider resource/action; role and provider authorization must be checked, not inferred from menu presence.",src/pages/workspace/engage/whatsapp/groups.tsx
/workspace/engage/whatsapp/inbox,Inbox,Merge after parity,"Separate implementation shares message/contact APIs with common Inbox; needs feature parity, not blind deletion.",src/pages/workspace/engage/whatsapp/inbox.tsx
/workspace/engage/whatsapp,Inbox,Merge after parity,Wrapper around separate WhatsApp inbox. Preserve channel-specific tools before redirecting to common Inbox.,src/pages/workspace/engage/whatsapp/index.tsx
/workspace/engage/whatsapp/interactive-lists,Campaigns,Keep; group by resource,"Specialized provider resource/action; role and provider authorization must be checked, not inferred from menu presence.",src/pages/workspace/engage/whatsapp/interactive-lists.tsx
/workspace/engage/whatsapp/migration,Settings / Integrations,Restricted advanced,Contains number migration/OTP/registration actions; hide from daily operators and preserve protected-action rules.,src/pages/workspace/engage/whatsapp/migration.tsx
/workspace/engage/whatsapp/my-account,Settings / Your account,Keep partner scope,Own-account partner experience is a distinct permission boundary from staff connected-account management.,src/pages/workspace/engage/whatsapp/my-account.tsx
/workspace/engage/whatsapp/scripts,Settings / Automation & AI,Merge reference,Displays existing SystemConfig. Use one source/config owner per automation.,src/pages/workspace/engage/whatsapp/scripts.tsx
/workspace/engage/whatsapp/send-test,Settings / Platform,Keep; group by resource,"Specialized provider resource/action; role and provider authorization must be checked, not inferred from menu presence.",src/pages/workspace/engage/whatsapp/send-test.tsx
/workspace/engage/whatsapp/settings,Settings / Channels,Merge settings entry,Navigation into existing WhatsApp setup resources; avoid another settings directory.,src/pages/workspace/engage/whatsapp/settings.tsx
/workspace/engage/whatsapp/tech-partner,Settings / Channels,Keep; group by resource,"Specialized provider resource/action; role and provider authorization must be checked, not inferred from menu presence.",src/pages/workspace/engage/whatsapp/tech-partner.tsx
/workspace/engage/whatsapp/template-builder,Campaigns,Merge into create,Creation task inside template resource; maintain deep link and validation.,src/pages/workspace/engage/whatsapp/template-builder.tsx
/workspace/engage/whatsapp/templates,Campaigns,Keep; group by resource,"Specialized provider resource/action; role and provider authorization must be checked, not inferred from menu presence.",src/pages/workspace/engage/whatsapp/templates.tsx
/workspace/engage/whatsapp/waba-dashboard,Settings / Channels,Keep; group by resource,"Specialized provider resource/action; role and provider authorization must be checked, not inferred from menu presence.",src/pages/workspace/engage/whatsapp/waba-dashboard.tsx
/workspace/engage/whatsapp/webhooks,Settings / Channels,Keep; group by resource,"Specialized provider resource/action; role and provider authorization must be checked, not inferred from menu presence.",src/pages/workspace/engage/whatsapp/webhooks.tsx
/workspace/engage/whatsapp/welcome,Settings / Automation & AI,Merge; repair save states,Welcome configuration overlaps Auto Response; do not toast success for a failed write.,src/pages/workspace/engage/whatsapp/welcome.tsx
/workspace/forms,Service Ops,Keep redirect; de-list,Intentional compatibility redirect; do not count as an independent feature.,src/pages/workspace/forms/index.tsx
/workspace/forms/responses,Service Ops,Merge into queue,SubmitRequest subset; retain source filter in unified requests/responses queue.,src/pages/workspace/forms/responses.tsx
/workspace/forms/selfservice,Service Ops,Keep as monitor,"Flow logs/customer service hub is an operational monitor, not a form builder.",src/pages/workspace/forms/selfservice.tsx
/workspace,Home,Relabel workspace home,Module tile registry; replace repeated directory grid with role-specific work overview.,src/pages/workspace/index.tsx
/workspace/link,Campaigns,Keep reusable tool,Short links/analytics are backend-backed and may support multiple workflows.,src/pages/workspace/link/index.tsx
/workspace/pay/flow,Payments,Keep contextual action,Invoice/payment workflow is real; browser-only configuration needs explicit scope and write confirmation.,src/pages/workspace/pay/flow/index.tsx
/workspace/pay,Payments,Keep shared hub,Hub embeds payment pages intentionally. Extract shared resource components rather than remove capability.,src/pages/workspace/pay/index.tsx
/workspace/pay/link,Payments,Relabel and simplify,"Local UPI URI generation, not provider-hosted monitored payment link. Customer/expiry fields do not establish backend records.",src/pages/workspace/pay/link/index.tsx
/workspace/pay/records,Payments,Canonical ledger,Read-only invoice/delivery record view. Keep detail and failure states; use shared resource table.,src/pages/workspace/pay/records.tsx
/workspace/seo/analytics,Content,Configuration-blocked,Uses external seoFetch URL and seo_token; neither is established by current configuration/application sign-in.,src/pages/workspace/seo/analytics.tsx
/workspace/seo/blog-manager,Content,Keep post SEO,seo-tools audit/approval for existing posts; separate from draft production and broken external SEO client.,src/pages/workspace/seo/blog-manager.tsx
/workspace/seo/blog-production/batch,Content,Keep workflow steps,"Production batch/review/QA/publish are distinct lifecycle stages; context links suffice, register production entry in search.",src/pages/workspace/seo/blog-production/batch/index.tsx
/workspace/seo/blog-production,Content,Keep workflow steps,"Production batch/review/QA/publish are distinct lifecycle stages; context links suffice, register production entry in search.",src/pages/workspace/seo/blog-production/index.tsx
/workspace/seo/blog-production/publish,Content,Keep workflow steps,"Production batch/review/QA/publish are distinct lifecycle stages; context links suffice, register production entry in search.",src/pages/workspace/seo/blog-production/publish/index.tsx
/workspace/seo/blog-production/qa,Content,Keep workflow steps,"Production batch/review/QA/publish are distinct lifecycle stages; context links suffice, register production entry in search.",src/pages/workspace/seo/blog-production/qa/index.tsx
/workspace/seo/blog-production/review,Content,Keep workflow steps,"Production batch/review/QA/publish are distinct lifecycle stages; context links suffice, register production entry in search.",src/pages/workspace/seo/blog-production/review/index.tsx
/workspace/seo/blog-studio,Content,Keep editorial workflow,Intake/source/draft workflow uses seo-tools. Distinct from auditing existing published posts.,src/pages/workspace/seo/blog-studio.tsx
/workspace/seo,Content,Keep clear hub,"Public-site/blog checks plus links, including Blog Production. A hub is not evidence all subservices are operational.",src/pages/workspace/seo/index.tsx
/workspace/seo/issues,Content,Configuration-blocked,Uses external seoFetch URL and seo_token; neither is established by current configuration/application sign-in.,src/pages/workspace/seo/issues.tsx
/workspace/seo/page,Content,Configuration-blocked,Detail route uses separate seoFetch URL/token; needs an actual supported backend configuration.,src/pages/workspace/seo/page/index.tsx
/workspace/seo/pages-manager,Content,Keep supported audits,seo-tools page audit; product paths need canonical URL review before consolidating resource metadata.,src/pages/workspace/seo/pages-manager.tsx
/workspace/seo/pages,Content,Configuration-blocked,Uses external seoFetch URL and seo_token; neither is established by current configuration/application sign-in.,src/pages/workspace/seo/pages.tsx
/workspace/seo/properties,Content,Configuration-blocked,Uses external seoFetch URL and seo_token; neither is established by current configuration/application sign-in.,src/pages/workspace/seo/properties.tsx
/workspace/seo/schema,Content,Configuration-blocked,Uses external seoFetch URL and seo_token; neither is established by current configuration/application sign-in.,src/pages/workspace/seo/schema.tsx
/workspace/seo/sitemaps,Content,Configuration-blocked,Uses external seoFetch URL and seo_token; neither is established by current configuration/application sign-in.,src/pages/workspace/seo/sitemaps.tsx
/workspace/seo/tools,Content,Restrict diagnostic tools,Public/API diagnostics and direct Google requests need provider readiness; do not claim whole SEO platform is connected.,src/pages/workspace/seo/tools.tsx
/workspace/seo/tracking,Content,Configuration-blocked,Uses external seoFetch URL and seo_token; neither is established by current configuration/application sign-in.,src/pages/workspace/seo/tracking.tsx
/workspace/service/amend-request,Service Ops,Keep workflow; reconcile,Staff Flow amendment and new customer paid amendment are different models; preserve lineage.,src/pages/workspace/service/amend-request.tsx
/workspace/service,Service Ops,Merge navigation hub,Entry directory can redirect to canonical Service Ops while preserving URLs.,src/pages/workspace/service/index.tsx
/workspace/service/submit-request,Service Ops,Keep workflow; reconcile,Staff draft/submission workflow uses legacy Flow service API; new website paid requests need staff management contract.,src/pages/workspace/service/submit-request.tsx
/workspace/service/track-request,Service Ops,Merge into detail,Old Flow submission tracking belongs in order/request detail. New ServiceRequestsTable coverage is missing.,src/pages/workspace/service/track-request.tsx
/workspace/settings/internal-agent,Settings / Automation & AI,Keep internal assistant,Staff assistant differs from customer-facing Meta AI; do not combine prompt/access scope.,src/pages/workspace/settings/internal-agent.tsx
/workspace/task,Work,Keep daily queue,Real ConversationMeta assignment/work queue; old architecture descriptions saying coming soon are stale.,src/pages/workspace/task/index.tsx
