"Route","Scope","File","Lines","Navigation labels","API helpers","Endpoint paths","Imported page routes","Flags","Redirect targets"
"/404","public","src/pages/404.tsx","74","","","","","","/"
"/account/sign-in","public","src/pages/account/sign-in.tsx","716","","","","","",""
"/anew","public","src/pages/anew.tsx","37","","","","","",""
"/bharat-rx","public","src/pages/bharat-rx.tsx","174","","","","","",""
"/blog","public","src/pages/blog/index.tsx","36","","","","","",""
"/blog/page/[page]","public","src/pages/blog/page/[page].tsx","63","","","","","",""
"/blog/topic/[topic]/page/[page]","public","src/pages/blog/topic/[topic]/page/[page].tsx","85","","","","","",""
"/blog/topic/[topic]","public","src/pages/blog/topic/[topic].tsx","79","","","","","",""
"/cart","public","src/pages/cart.tsx","2327","","","","","",""
"/checkout/status","public","src/pages/checkout/status.tsx","427","","","","","",""
"/checkout/success","public","src/pages/checkout/success.tsx","156","","","","","",""
"/clear-closure","public","src/pages/clear-closure.tsx","24","","","","","",""
"/contact","public","src/pages/contact.tsx","77","","","","","",""
"/dastavez","public","src/pages/dastavez.tsx","24","","","","","",""
"/drop-docs","public","src/pages/drop-docs.tsx","33","","","","","",""
"/elsewhere","public","src/pages/elsewhere.tsx","24","","","","","",""
"/expo-week","public","src/pages/expo-week.tsx","24","","","","","",""
"/get","public","src/pages/get.tsx","676","","listMySecureFiles; requestFilePaymentOnWhatsApp","/secure-files/mine; /secure-files/{dynamic}/whatsapp-pay","","",""
"/grahak-os","public","src/pages/grahak-os/index.tsx","1517","","","","","",""
"/hunar","public","src/pages/hunar.tsx","34","","","","","",""
"/","public","src/pages/index.tsx","1233","","","","","",""
"/leave-review","public","src/pages/leave-review.tsx","26","","","","","",""
"/niji-setu","public","src/pages/niji-setu.tsx","24","","","","","",""
"/orders","public","src/pages/orders.tsx","1475","","","","","invoiceDownload; reviewCta",""
"/perks","public","src/pages/perks.tsx","311","","","","","",""
"/post/[slug]","public","src/pages/post/[slug].tsx","1009","","","","","",""
"/privacy","public","src/pages/privacy.tsx","66","","","","","",""
"/refer-and-earn","public","src/pages/refer-and-earn.tsx","26","","","","","",""
"/request-amendment","public","src/pages/request-amendment.tsx","33","","","","","",""
"/ritual-guru","public","src/pages/ritual-guru.tsx","24","","","","","",""
"/shipments","public","src/pages/shipments.tsx","405","","","","","",""
"/shop/[slug]","public","src/pages/shop/[slug].tsx","254","","","","","",""
"/submit-request","public","src/pages/submit-request.tsx","33","","","","","",""
"/terms","public","src/pages/terms.tsx","70","","","","","",""
"/vault","public","src/pages/vault.tsx","47","","listMySecureFiles; redeemSecureFileDownload","/secure-files/mine; /secure-files/{dynamic}/download","","",""
"/vayulok","public","src/pages/vayulok/index.tsx","323","","","","","",""
"/workspace/access","workspace","src/pages/workspace/access/index.tsx","59","Access","","","","","/workspace/dashboard"
"/workspace/access/security","workspace","src/pages/workspace/access/security.tsx","96","Sign-in & MFA","","","","",""
"/workspace/admin","workspace","src/pages/workspace/admin/index.tsx","12","","","","","","/workspace/dashboard/system-architecture"
"/workspace/commerce/catalog","workspace","src/pages/workspace/commerce/catalog.tsx","935","Store; Catalog","listWixProducts; listWixOrders; listWixCollections; listWixSites; getWixSampleProducts; syncWixProducts; syncWixOrders; getWixProduct; createWixProduct; bulkCreateWixProducts; getWixOrder","/wix-store/products{dynamic}; /wix-store/orders{dynamic}; /wix-store/collections{dynamic}; /wix-store/sites; /wix-store/sample-products; /wix-store/sync/products; /wix-store/sync/orders; /wix-store/products/{dynamic}; /wix-store/create-product; /wix-store/bulk-create-products; /wix-store/orders/{dynamic}","","",""
"/workspace/commerce","workspace","src/pages/workspace/commerce/index.tsx","154","Commerce","","","","commerceModule",""
"/workspace/contacts","workspace","src/pages/workspace/contacts/index.tsx","1538","Contacts; All contacts","listReviews; listFlowLogs; listContacts; getConnectionStatus; listMessages; createContact; updateContact; deleteContact; exportContactsToCSV; downloadFile; updateContactResult; parseContactsCSV; importContacts","/wa-business/reviews{dynamic}; /wa-business/flow-logs; /contacts; /messages; /contacts/{dynamic}","","",""
"/workspace/dashboard/code-repo","workspace","src/pages/workspace/dashboard/code-repo.tsx","248","Code Repo","","","","",""
"/workspace/dashboard/cors-settings","workspace","src/pages/workspace/dashboard/cors-settings.tsx","165","CORS Settings","getCorsStatus; applyCors","/waba","","",""
"/workspace/dashboard/design-reference","workspace","src/pages/workspace/dashboard/design-reference.tsx","1633","Design Reference","","","","",""
"/workspace/dashboard","workspace","src/pages/workspace/dashboard/index.tsx","3200","Dashboard Overview","testConnection; listContacts; listMessages; getAWSBilling; listSubmitRequests; listFlowLogs; resendSubmitRequestPayment; deleteMessage; updateMessage; hardDeleteContact; deleteContact; clearAllInboxData; getCleanupPreview; executeCleanup; listSmsAwsMessages; authFetch; listInvoicesEngine; deleteInvoice; listBulkJobs; deleteBulkJob; listScheduledMessages; cancelScheduledMessage; getSystemConfig; updateSystemConfig","/messages; /contacts; /billing; /wa-business/submit-requests; /wa-business/flow-logs; /invoices/{dynamic}/send-payment-link; /messages/{dynamic}; /contacts/{dynamic}; /voice-aws/calls/{dynamic}; /voice/calls; /system-cleanup; /sms-aws/messages; /invoices{dynamic}; /invoices/{dynamic}; /bulk/jobs; /bulk/jobs/{dynamic}; /scheduled; /scheduled/{dynamic}; /ai/config","","",""
"/workspace/dashboard/lambda-functions","workspace","src/pages/workspace/dashboard/lambda-functions.tsx","300","Lambda Functions","verifyAdminAccess","/auth/validate","","",""
"/workspace/dashboard/mcp-connections","workspace","src/pages/workspace/dashboard/mcp-connections.tsx","148","MCP Connections","authFetch","","","",""
"/workspace/dashboard/secure-files","workspace","src/pages/workspace/dashboard/secure-files.tsx","545","Secure Files","listSecureFiles; initSecureUpload; uploadSecureFileBytes; confirmSecureUpload; revokeSecureFile","/secure-files{dynamic}; /secure-files/upload-init; /secure-files/{dynamic}/confirm; /secure-files/{dynamic}/revoke","","",""
"/workspace/dashboard/system-architecture","workspace","src/pages/workspace/dashboard/system-architecture.tsx","1782","Architecture snapshot","","","","",""
"/workspace/dashboard/wa-graph-tools","workspace","src/pages/workspace/dashboard/wa-graph-tools.tsx","736","WA Graph Tools","listSchedules; createSchedule; getCommerceSettings; updateCommerceSettings; listQrCodes; createQrCode; deleteQrCode; getConversationalAutomation; configureConversationalAutomation; checkLinkPreview; getThroughput; listGeneratedTemplates; getMmOnboardingStatus; directSend; getCatalogFlowMap; upsertCatalogFlowMap; sendMarketingMessage; listAssignedUsers; addAssignedUser; removeAssignedUser; listAiPolicyMarkets; upsertAiPolicyMarket; deleteAiPolicyMarket","/wa-business/schedules; /wa-business/commerce-settings; /wa-business/qr-codes; /wa-business/conversational-automation; /wa-business/link-preview; /wa-business/throughput; /wa-business/direct-send/templates; /wa-business/mm-onboarding-status; /wa-business/direct-send; /wa-business/catalog-flow-map; /wa-business/marketing-message; /wa-business/assigned-users; /wa-business/ai-pricing-policy","","",""
"/workspace/dashboard/waba-usernames","workspace","src/pages/workspace/dashboard/waba-usernames.tsx","218","WABA Usernames","getBusinessUsername; claimBusinessUsername","/wa-business/username","","",""
"/workspace/docs","workspace","src/pages/workspace/docs/index.tsx","18","Docs","","","","","/workspace/engage/documents"
"/workspace/engage/analytics","workspace","src/pages/workspace/engage/analytics/index.tsx","206","Analytics","listMessages","/messages","","",""
"/workspace/engage/appointments","workspace","src/pages/workspace/engage/appointments/index.tsx","245","Appointments","listAppointments; updateAppointment; createAppointment","/wa-business/appointments{dynamic}; /wa-business/appointments/{dynamic}","","",""
"/workspace/engage/automation","workspace","src/pages/workspace/engage/automation/index.tsx","148","Automation","listAutomationRules; createAutomationRule; updateAutomationRule; deleteAutomationRule","/automation/rules; /automation/rules/{dynamic}","","",""
"/workspace/engage/broadcast","workspace","src/pages/workspace/engage/broadcast/index.tsx","239","Broadcast; Send a broadcast","listContacts; listTemplates; sendSmsAws; sendRcs; sendEmailMessage; sendWhatsAppTemplateMessage","/contacts; /whatsapp/templates; /sms-aws/send; /rcs/send; /email/send; /whatsapp/send","","",""
"/workspace/engage/channels","workspace","src/pages/workspace/engage/channels/index.tsx","130","All channels","","","","",""
"/workspace/engage/commerce","workspace","src/pages/workspace/engage/commerce/index.tsx","340","Commerce","","","","",""
"/workspace/engage/contact-360","workspace","src/pages/workspace/engage/contact-360/index.tsx","195","Contact 360","listContacts; listMessages; listInvoicesEngine; listOrders","/contacts; /messages; /invoices{dynamic}; /wa-business/orders{dynamic}","","",""
"/workspace/engage/content","workspace","src/pages/workspace/engage/content/index.tsx","155","Content Library","listTemplates; listRcsTemplates","/whatsapp/templates; /rcs/send","","",""
"/workspace/engage/cost","workspace","src/pages/workspace/engage/cost/index.tsx","98","Cost & Usage","listMessages","/messages","","",""
"/workspace/engage/docs","workspace","src/pages/workspace/engage/docs/index.tsx","205","Docs Scraper","authFetch","","","",""
"/workspace/engage/documents","workspace","src/pages/workspace/engage/documents/index.tsx","323","Drop Docs","listDocuments; updateDocument; getDocumentDownloadUrl; createDocument","/wa-business/documents{dynamic}; /wa-business/documents/{dynamic}; /wa-business/documents/{dynamic}/download","","",""
"/workspace/engage/enterprise","workspace","src/pages/workspace/engage/enterprise/index.tsx","238","Enterprise","listEnterpriseCases; updateEnterpriseCase; createEnterpriseCase","/wa-business/enterprise-assist{dynamic}; /wa-business/enterprise-assist/{dynamic}","","",""
"/workspace/engage/faq","workspace","src/pages/workspace/engage/faq/index.tsx","200","FAQ","listFaqs; updateFaq; createFaq; deleteFaq","/wa-business/faq{dynamic}; /wa-business/faq/{dynamic}","","",""
"/workspace/engage/inbox","workspace","src/pages/workspace/engage/inbox/index.tsx","1599","Inbox; All channels; WhatsApp; SMS; RCS; Email; Calls","collectApiFailures; listMessages; listContacts; listRcsTemplates; getPollyVoices; listAutomationRules; getConversationMeta; updateConversationMeta; addConversationNote; deleteMessage; sendRcs; uploadMediaForSend; sendWhatsAppMessage; sendSmsAws; sendEmailMessage; generateAIResponse; sendWhatsAppTTS; sendWhatsAppReaction; verifyAdminAccess; sendWhatsAppPaymentMessage; sendWhatsAppCatalogProduct; sendTypingIndicator; sendWhatsAppInteractive; listTemplates; uploadReusableHeaderMedia; listSendMedia; deleteSendMedia; placesAutocomplete; placeDetails; sendWhatsAppTemplateMessage; getConnectionStatus; scheduleTemplateMessage; sendCarouselTemplateMessage","/messages; /contacts; /rcs/send; /whatsapp-voice/voices; /automation/rules; /inbox/meta/{dynamic}; /inbox/meta/{dynamic}/note; /messages/{dynamic}; /whatsapp/send; /sms-aws/send; /email/send; /ai/generate; /whatsapp-voice/tts; /auth/validate; /whatsapp/templates; /whatsapp/templates/send-media{dynamic}; /whatsapp/templates/send-media; /scheduled","","",""
"/workspace/engage","workspace","src/pages/workspace/engage/index.tsx","161","Messages hub","","","","","/workspace/engage/whatsapp; /workspace/contacts"
"/workspace/engage/logs","workspace","src/pages/workspace/engage/logs/index.tsx","504","Message logs","listMessages; listContacts; deleteMessage","/messages; /contacts; /messages/{dynamic}","","",""
"/workspace/engage/meta-agent","workspace","src/pages/workspace/engage/meta-agent/index.tsx","339","Meta AI Agent","","","","",""
"/workspace/engage/orders","workspace","src/pages/workspace/engage/orders/index.tsx","563","","listOrders; getOrderSubmissions; getTrackingData; updateOrder; updateSubmissionStatus; syncOrders; createOrder","/wa-business/orders{dynamic}; /wa-business/orders/{dynamic}/submissions; /wa-business/service/track/{dynamic}; /wa-business/orders/{dynamic}; /wa-business/flow-submissions/update-status; /wa-business/orders/sync","","",""
"/workspace/engage/push","workspace","src/pages/workspace/engage/push/index.tsx","434","Push","authFetch","","","",""
"/workspace/engage/rcs","workspace","src/pages/workspace/engage/rcs/index.tsx","70","RCS","","","","",""
"/workspace/engage/rcs/send","workspace","src/pages/workspace/engage/rcs/send.tsx","157","","listRcsTemplates; sendRcs","/rcs/send","","",""
"/workspace/engage/rcs/templates","workspace","src/pages/workspace/engage/rcs/templates.tsx","225","","listRcsTemplates; createRcsTemplate","/rcs/send","","",""
"/workspace/engage/reviews","workspace","src/pages/workspace/engage/reviews/index.tsx","258","Reviews","listReviews; updateReview","/wa-business/reviews{dynamic}; /wa-business/reviews/{dynamic}","","",""
"/workspace/engage/rx-slots","workspace","src/pages/workspace/engage/rx-slots/index.tsx","206","RX Slots","listRxSlots; updateRxSlot; createRxSlot","/wa-business/rx-slots{dynamic}; /wa-business/rx-slots/{dynamic}","","",""
"/workspace/engage/scheduled","workspace","src/pages/workspace/engage/scheduled/index.tsx","132","Scheduled","listScheduledMessages; cancelScheduledMessage","/scheduled; /scheduled/{dynamic}","","",""
"/workspace/engage/search","workspace","src/pages/workspace/engage/search/index.tsx","95","Message Search","listMessages; listContacts","/messages; /contacts","","",""
"/workspace/engage/service-ops","workspace","src/pages/workspace/engage/service-ops/index.tsx","68","Service Ops; Orders","listOrders; getOrderSubmissions; getTrackingData; updateOrder; updateSubmissionStatus; syncOrders; createOrder; listAppointments; updateAppointment; createAppointment; listRxSlots; updateRxSlot; createRxSlot; listDocuments; updateDocument; getDocumentDownloadUrl; createDocument; listEnterpriseCases; updateEnterpriseCase; createEnterpriseCase; listReviews; updateReview; listFaqs; updateFaq; createFaq; deleteFaq; getDraft; saveDraft; submitRequest; deleteDraft; amendRequest","/wa-business/orders{dynamic}; /wa-business/orders/{dynamic}/submissions; /wa-business/service/track/{dynamic}; /wa-business/orders/{dynamic}; /wa-business/flow-submissions/update-status; /wa-business/orders/sync; /wa-business/appointments{dynamic}; /wa-business/appointments/{dynamic}; /wa-business/rx-slots{dynamic}; /wa-business/rx-slots/{dynamic}; /wa-business/documents{dynamic}; /wa-business/documents/{dynamic}; /wa-business/documents/{dynamic}/download; /wa-business/enterprise-assist{dynamic}; /wa-business/enterprise-assist/{dynamic}; /wa-business/reviews{dynamic}; /wa-business/reviews/{dynamic}; /wa-business/faq{dynamic}; /wa-business/faq/{dynamic}; /wa-business/service/drafts/{dynamic}; /wa-business/service/drafts; /wa-business/service/submit; /wa-business/service/amend","src/pages/workspace/engage/orders/index.tsx; src/pages/workspace/engage/appointments/index.tsx; src/pages/workspace/engage/rx-slots/index.tsx; src/pages/workspace/engage/documents/index.tsx; src/pages/workspace/engage/enterprise/index.tsx; src/pages/workspace/engage/reviews/index.tsx; src/pages/workspace/engage/faq/index.tsx; src/pages/workspace/service/submit-request.tsx; src/pages/workspace/service/track-request.tsx; src/pages/workspace/service/amend-request.tsx","",""
"/workspace/engage/ses","workspace","src/pages/workspace/engage/ses/index.tsx","61","Email","","","","",""
"/workspace/engage/settings","workspace","src/pages/workspace/engage/settings/index.tsx","122","Channel Settings","listContacts","/contacts","","",""
"/workspace/engage/sms","workspace","src/pages/workspace/engage/sms/index.tsx","675","SMS","listContacts; listSmsAwsMessages; listMessages; sendSmsAws; authFetch","/contacts; /sms-aws/messages; /messages; /sms-aws/send","","",""
"/workspace/engage/voice","workspace","src/pages/workspace/engage/voice/index.tsx","357","Voice (outbound)","listContacts; listVoiceAwsCalls; listVoiceCalls; makeVoiceAwsCall; authFetch","/contacts; /voice-aws/calls; /voice/calls; /voice-aws/call","src/pages/workspace/engage/voice-in/index.tsx","",""
"/workspace/engage/voice-in","workspace","src/pages/workspace/engage/voice-in/index.tsx","940","Voice In (IVR)","listContacts; authFetch","/contacts","","",""
"/workspace/engage/whatsapp/ai-agent","workspace","src/pages/workspace/engage/whatsapp/ai-agent.tsx","684","AI Agent","getAiRouting; updateAiRouting; aiAgentApi.eligibility; aiAgentApi.getSettings; aiAgentApi.getBusinessInfo; aiAgentApi.listFaqs; aiAgentApi.listAllowlist; aiAgentApi.listWebsites; aiAgentApi.listSkills; aiAgentApi.listConnectors; aiAgentApi.providerStatus; aiAgentApi.updateSettings; aiAgentApi.updateBusinessInfo; aiAgentApi.createFaq; aiAgentApi.deleteFaq; aiAgentApi.createSkill; aiAgentApi.deleteSkill; aiAgentApi.addWebsite; aiAgentApi.removeWebsite; aiAgentApi.addConnector; aiAgentApi.removeConnector; aiAgentApi.connectorLogs; aiAgentApi.listTools; aiAgentApi.addAllowlist; aiAgentApi.removeAllowlist","/wa-business/ai-routing; /meta-agent","","",""
"/workspace/engage/whatsapp/auto-response","workspace","src/pages/workspace/engage/whatsapp/auto-response.tsx","279","Auto Response","getSystemConfig; updateSystemConfig","/ai/config","","",""
"/workspace/engage/whatsapp/bsuid","workspace","src/pages/workspace/engage/whatsapp/bsuid.tsx","232","BSUID & Usernames","getBusinessUsername; getBusinessUsernameSuggestions; claimBusinessUsername; subscribeWebhookFields; getParentBsuidAccounts","/wa-business/username; /wa-business/username/suggestions; /wa-business/webhooks; /wa-business/parent-bsuid-accounts","","",""
"/workspace/engage/whatsapp/business-profile","workspace","src/pages/workspace/engage/whatsapp/business-profile.tsx","196","Business Profile","getBusinessProfile; getPhoneSettings; updateBusinessProfile","/wa-business/profile; /wa-business/phone-settings","","",""
"/workspace/engage/whatsapp/calling","workspace","src/pages/workspace/engage/whatsapp/calling.tsx","2203","Calling","getCallingSettings; updateCallingSettings","/wa-business/calling-settings","","",""
"/workspace/engage/whatsapp/campaign","workspace","src/pages/workspace/engage/whatsapp/campaign.tsx","257","WhatsApp Campaign","listContacts; listTemplates; listMessages; sendWhatsAppTemplateMessage","/contacts; /whatsapp/templates; /messages; /whatsapp/send","","",""
"/workspace/engage/whatsapp/catalog-builder","workspace","src/pages/workspace/engage/whatsapp/catalog-builder.tsx","393","Catalog & Flow Builder","listCatalogProductsAdmin; createCatalogProduct; updateCatalogProduct; deleteCatalogProduct; listFlows; createFlow; publishFlow","/wa-business/catalog-products; /wa-business/flows; /wa-business/flows/publish","","",""
"/workspace/engage/whatsapp/connected-accounts","workspace","src/pages/workspace/engage/whatsapp/connected-accounts.tsx","221","Connected Accounts","authFetch","","","",""
"/workspace/engage/whatsapp/conversions-api","workspace","src/pages/workspace/engage/whatsapp/conversions-api.tsx","241","Conversions API (CTWA)","getCapiStatus; createCapiDataset; logCapiEvent","/wa-business/capi{dynamic}; /wa-business/capi/dataset; /wa-business/capi/event","","",""
"/workspace/engage/whatsapp/cost-controls","workspace","src/pages/workspace/engage/whatsapp/cost-controls.tsx","111","Cost Controls","getCostFlags","/wa-business/cost-flags","","",""
"/workspace/engage/whatsapp/ctwa-ads","workspace","src/pages/workspace/engage/whatsapp/ctwa-ads.tsx","285","Ads to WhatsApp (CTWA)","marketingAdsApi.adAccounts; marketingAdsApi.pages; marketingAdsApi.ads; marketingAdsApi.uploadImage; marketingAdsApi.fullCreate; marketingAdsApi.publish; marketingAdsApi.pause","/marketing-ads","","",""
"/workspace/engage/whatsapp/embedded-signup","workspace","src/pages/workspace/engage/whatsapp/embedded-signup.tsx","54","Connect WABA","","","","",""
"/workspace/engage/whatsapp/flow-hub","workspace","src/pages/workspace/engage/whatsapp/flow-hub.tsx","644","Flow Hub","listFlowRegistry; listFlowSubmissions; getFlowSubmissionStats; getCustomerJourney; runSlaCheck; exportSubmissionsCsv; upsertFlowRegistry","/wa-business/flow-registry; /wa-business/flow-submissions{dynamic}; /wa-business/flow-submissions/stats{dynamic}; /wa-business/flow-customer-journey; /wa-business/flow-sla-check; /wa-business/flow-submissions/export{dynamic}","","",""
"/workspace/engage/whatsapp/flow-publish","workspace","src/pages/workspace/engage/whatsapp/flow-publish.tsx","125","Flow Publish Checklist","getFlow; publishFlow","/wa-business/flows; /wa-business/flows/publish","","",""
"/workspace/engage/whatsapp/flow-responses","workspace","src/pages/workspace/engage/whatsapp/flow-responses.tsx","442","Flow Responses","updateSubmissionStatus; listFlowRegistry; listSubmitRequests; listFlowSubmissions; listFlowLogs","/wa-business/flow-submissions/update-status; /wa-business/flow-registry; /wa-business/submit-requests; /wa-business/flow-submissions{dynamic}; /wa-business/flow-logs","","",""
"/workspace/engage/whatsapp/flows","workspace","src/pages/workspace/engage/whatsapp/flows.tsx","226","Flows","listFlows; createFlow; publishFlow; deprecateFlow; deleteFlow; getFlow","/wa-business/flows; /wa-business/flows/publish; /wa-business/flows/deprecate","","",""
"/workspace/engage/whatsapp/groups","workspace","src/pages/workspace/engage/whatsapp/groups.tsx","350","Groups","listGroups; createGroup; getGroup; sendGroupMessage; updateGroupSettings; setGroupImage; deleteGroup; resetGroupInviteLink; getGroupInviteLink; approveGroupJoinRequests; getGroupJoinRequests; rejectGroupJoinRequests; manageGroupParticipants","/wa-business/groups; /wa-business/groups/send; /wa-business/groups/image; /wa-business/groups/invite-link; /wa-business/groups/join-requests; /wa-business/groups/participants","","",""
"/workspace/engage/whatsapp/inbox","workspace","src/pages/workspace/engage/whatsapp/inbox.tsx","42","","collectApiFailures; listMessages; listContacts; listRcsTemplates; getPollyVoices; listAutomationRules; getConversationMeta; updateConversationMeta; addConversationNote; deleteMessage; sendRcs; uploadMediaForSend; sendWhatsAppMessage; sendSmsAws; sendEmailMessage; generateAIResponse; sendWhatsAppTTS; sendWhatsAppReaction; verifyAdminAccess; sendWhatsAppPaymentMessage; sendWhatsAppCatalogProduct; sendTypingIndicator; sendWhatsAppInteractive; listTemplates; uploadReusableHeaderMedia; listSendMedia; deleteSendMedia; placesAutocomplete; placeDetails; sendWhatsAppTemplateMessage; getConnectionStatus; scheduleTemplateMessage; sendCarouselTemplateMessage","/messages; /contacts; /rcs/send; /whatsapp-voice/voices; /automation/rules; /inbox/meta/{dynamic}; /inbox/meta/{dynamic}/note; /messages/{dynamic}; /whatsapp/send; /sms-aws/send; /email/send; /ai/generate; /whatsapp-voice/tts; /auth/validate; /whatsapp/templates; /whatsapp/templates/send-media{dynamic}; /whatsapp/templates/send-media; /scheduled","src/pages/workspace/engage/inbox/index.tsx","",""
"/workspace/engage/whatsapp","workspace","src/pages/workspace/engage/whatsapp/index.tsx","25","WhatsApp Inbox","collectApiFailures; listMessages; listContacts; listRcsTemplates; getPollyVoices; listAutomationRules; getConversationMeta; updateConversationMeta; addConversationNote; deleteMessage; sendRcs; uploadMediaForSend; sendWhatsAppMessage; sendSmsAws; sendEmailMessage; generateAIResponse; sendWhatsAppTTS; sendWhatsAppReaction; verifyAdminAccess; sendWhatsAppPaymentMessage; sendWhatsAppCatalogProduct; sendTypingIndicator; sendWhatsAppInteractive; listTemplates; uploadReusableHeaderMedia; listSendMedia; deleteSendMedia; placesAutocomplete; placeDetails; sendWhatsAppTemplateMessage; getConnectionStatus; scheduleTemplateMessage; sendCarouselTemplateMessage","/messages; /contacts; /rcs/send; /whatsapp-voice/voices; /automation/rules; /inbox/meta/{dynamic}; /inbox/meta/{dynamic}/note; /messages/{dynamic}; /whatsapp/send; /sms-aws/send; /email/send; /ai/generate; /whatsapp-voice/tts; /auth/validate; /whatsapp/templates; /whatsapp/templates/send-media{dynamic}; /whatsapp/templates/send-media; /scheduled","src/pages/workspace/engage/whatsapp/inbox.tsx; src/pages/workspace/engage/inbox/index.tsx","",""
"/workspace/engage/whatsapp/interactive-lists","workspace","src/pages/workspace/engage/whatsapp/interactive-lists.tsx","291","Interactive Lists","sendInteractiveList","/wa-business/interactive-list","","",""
"/workspace/engage/whatsapp/migration","workspace","src/pages/workspace/engage/whatsapp/migration.tsx","261","WABA Migration","listWABAs; getWABADetails; requestPhoneOTP; verifyPhoneOTP; registerPhone; migratePhone","/waba; /waba/{dynamic}; /waba/request-otp; /waba/verify-otp; /waba/register-phone; /waba/migrate","","",""
"/workspace/engage/whatsapp/my-account","workspace","src/pages/workspace/engage/whatsapp/my-account.tsx","244","My WhatsApp Account","authFetch","","","",""
"/workspace/engage/whatsapp/scripts","workspace","src/pages/workspace/engage/whatsapp/scripts.tsx","247","Scripts","getSystemConfig","/ai/config","","",""
"/workspace/engage/whatsapp/send-test","workspace","src/pages/workspace/engage/whatsapp/send-test.tsx","486","Send Test","getTemplateTtlRules; listTemplatePresets; sendTestText; sendTestTemplate; sendTestMedia; sendTestFlow; validateTemplateTtl; validateTemplateDefinition; getTemplatePreset; uploadWaMedia; getWaMedia; deleteWaMedia; startResumableMediaSession; uploadResumableChunk; finishResumableMedia; uploadFlowAsset; migrateFlows; syncFlows; sendTestProduct","/wa-business/template-ttl/rules; /whatsapp/templates/presets; /wa-business/messages/send/text; /wa-business/messages/send/template; /wa-business/messages/send/media; /wa-business/messages/send/flow; /wa-business/template-ttl/validate; /whatsapp/templates/validate; /whatsapp/templates/presets/{dynamic}; /wa-business/media; /wa-business/media/{dynamic}{dynamic}; /wa-business/media/resumable/session; /wa-business/media/resumable/{dynamic}/chunk; /wa-business/media/resumable/{dynamic}/finish; /wa-business/flows/assets; /wa-business/flows/migrate; /wa-business/flows/sync; /wa-business/messages/send/product","","",""
"/workspace/engage/whatsapp/settings","workspace","src/pages/workspace/engage/whatsapp/settings.tsx","210","WhatsApp Settings","","","","",""
"/workspace/engage/whatsapp/tech-partner","workspace","src/pages/workspace/engage/whatsapp/tech-partner.tsx","175","Tech Partner Readiness","aiAgentApi.techPartnerReadiness","/meta-agent","","",""
"/workspace/engage/whatsapp/template-builder","workspace","src/pages/workspace/engage/whatsapp/template-builder.tsx","268","Template Builder","getTemplateTtlRules; validateTemplateDefinition; getTemplatePreset; createTemplate","/wa-business/template-ttl/rules; /whatsapp/templates/validate; /whatsapp/templates/presets/{dynamic}; /whatsapp/templates","","",""
"/workspace/engage/whatsapp/templates","workspace","src/pages/workspace/engage/whatsapp/templates.tsx","2211","Templates","listTemplates; listTemplateLibrary; getTemplateAnalyticsSummary; listScheduledMessages; deleteTemplate; cancelScheduledMessage; createTemplate; createTemplateFromLibrary; uploadCarouselCardMedia; createCarouselTemplate","/whatsapp/templates; /whatsapp/template-library; /templates/analytics; /scheduled; /whatsapp/templates/{dynamic}; /scheduled/{dynamic}; /whatsapp/template-from-library; /whatsapp/templates/carousel-media{dynamic}; /whatsapp/templates/carousel{dynamic}","","",""
"/workspace/engage/whatsapp/waba-dashboard","workspace","src/pages/workspace/engage/whatsapp/waba-dashboard.tsx","1036","WABA Dashboard","getWABASNSSubscriptionStatus; listWABAs; getWABASystemEvents; getWABADetails; subscribeWABAToSNS; unsubscribeWABAFromSNS","/waba/{dynamic}/subscribe-sns; /waba; /waba/events; /waba/{dynamic}","","",""
"/workspace/engage/whatsapp/webhooks","workspace","src/pages/workspace/engage/whatsapp/webhooks.tsx","213","Webhooks","getWebhookSubscriptions; subscribeWebhook; unsubscribeWebhook","/wa-business/webhooks","","",""
"/workspace/engage/whatsapp/welcome","workspace","src/pages/workspace/engage/whatsapp/welcome.tsx","204","Welcome Message","getSystemConfig; updateSystemConfig","/ai/config","","",""
"/workspace/forms","workspace","src/pages/workspace/forms/index.tsx","31","Forms","","","","","/workspace/forms/responses"
"/workspace/forms/responses","workspace","src/pages/workspace/forms/responses.tsx","416","Responses","listSubmitRequests","/wa-business/submit-requests","","",""
"/workspace/forms/selfservice","workspace","src/pages/workspace/forms/selfservice.tsx","240","Customer Service Hub","listFlowLogs","/wa-business/flow-logs","","",""
"/workspace","workspace","src/pages/workspace/index.tsx","208","","","","","",""
"/workspace/link","workspace","src/pages/workspace/link/index.tsx","445","Short Links","","","","",""
"/workspace/pay/flow","workspace","src/pages/workspace/pay/flow/index.tsx","919","Pay Flow","listContacts; listInvoicesEngine; getInvoiceDeliveryLog; updateContact; createContact; createInvoiceEngine; sendPaymentLink; cancelInvoice; generateInvoiceImage; generateInvoicePdf; deleteInvoice; addInvoiceRemark; updateInvoiceEngine","/contacts; /invoices{dynamic}; /invoices/{dynamic}/delivery-log; /contacts/{dynamic}; /invoices/{dynamic}/send-payment-link; /invoices/{dynamic}/cancel; /invoices/{dynamic}/generate-image; /invoices/{dynamic}/generate-pdf; /invoices/{dynamic}; /invoices/{dynamic}/remark","","",""
"/workspace/pay","workspace","src/pages/workspace/pay/index.tsx","37","Payments; Overview","listContacts; listInvoicesEngine; getInvoiceDeliveryLog; updateContact; createContact; createInvoiceEngine; sendPaymentLink; cancelInvoice; generateInvoiceImage; generateInvoicePdf; deleteInvoice; addInvoiceRemark; updateInvoiceEngine","/contacts; /invoices{dynamic}; /invoices/{dynamic}/delivery-log; /contacts/{dynamic}; /invoices/{dynamic}/send-payment-link; /invoices/{dynamic}/cancel; /invoices/{dynamic}/generate-image; /invoices/{dynamic}/generate-pdf; /invoices/{dynamic}; /invoices/{dynamic}/remark","src/pages/workspace/pay/flow/index.tsx; src/pages/workspace/pay/link/index.tsx","",""
"/workspace/pay/link","workspace","src/pages/workspace/pay/link/index.tsx","304","","","","","",""
"/workspace/pay/records","workspace","src/pages/workspace/pay/records.tsx","458","Invoice records","listInvoicesEngine; getInvoiceDeliveryLog","/invoices{dynamic}; /invoices/{dynamic}/delivery-log","","",""
"/workspace/seo/blog-manager","workspace","src/pages/workspace/seo/blog-manager.tsx","380","Blog SEO","seoToolsFetch","/seo-tools/{dynamic}","","",""
"/workspace/seo/blog-production/batch","workspace","src/pages/workspace/seo/blog-production/batch/index.tsx","362","","getBlogBatch; getBlogBatchReviewState; getBlogBatchQaState; getBlogRepetitionState; getBlogBatchPublishState; getBlogBatchVerifyState; runBlogRepetition","","","",""
"/workspace/seo/blog-production","workspace","src/pages/workspace/seo/blog-production/index.tsx","242","Content; Production waves","listBlogBatches; createBlogBatch; closeBlogBatch","","","",""
"/workspace/seo/blog-production/publish","workspace","src/pages/workspace/seo/blog-production/publish/index.tsx","330","Publish queue","getBlogBatchPublishState; getBlogPublishQueue; getBlogBatchVerifyState; releaseBlogArticle; publishBlogArticle; withdrawBlogRelease; verifyBlogArticle","","","",""
"/workspace/seo/blog-production/qa","workspace","src/pages/workspace/seo/blog-production/qa/index.tsx","521","QA review","listBlogSourcesInBatch; getBlogQaState; getBlogQaRun; runBlogQa; signOffBlogGate; revokeBlogSignoff","","","",""
"/workspace/seo/blog-production/review","workspace","src/pages/workspace/seo/blog-production/review/index.tsx","405","Source review","listBlogSourcesInBatch; getBlogSource; listBlogAnalyses; getBlogAnalysis; analyseBlogSource; recordBlogSourceReview","","","",""
"/workspace/seo/blog-studio","workspace","src/pages/workspace/seo/blog-studio.tsx","1175","Blog Studio","listBlogSources; registerBlogSources; confirmBlogSources; retryBlogSource; proposeBlogDraft","","","",""
"/workspace/seo","workspace","src/pages/workspace/seo/index.tsx","121","SEO Dashboard","","","","",""
"/workspace/seo/pages-manager","workspace","src/pages/workspace/seo/pages-manager.tsx","736","Site Pages SEO","seoToolsFetch","/seo-tools/{dynamic}","","",""
"/workspace/seo/tools","workspace","src/pages/workspace/seo/tools.tsx","282","Tools","","","","",""
"/workspace/service/amend-request","workspace","src/pages/workspace/service/amend-request.tsx","271","Amend Request","listOrders; getOrderSubmissions; amendRequest","/wa-business/orders{dynamic}; /wa-business/orders/{dynamic}/submissions; /wa-business/service/amend","","",""
"/workspace/service","workspace","src/pages/workspace/service/index.tsx","45","","","","","","/workspace/engage/service-ops"
"/workspace/service/submit-request","workspace","src/pages/workspace/service/submit-request.tsx","315","Submit Request","listOrders; getDraft; saveDraft; submitRequest; deleteDraft","/wa-business/orders{dynamic}; /wa-business/service/drafts/{dynamic}; /wa-business/service/drafts; /wa-business/service/submit","","",""
"/workspace/service/track-request","workspace","src/pages/workspace/service/track-request.tsx","241","Track Request","listOrders; getTrackingData","/wa-business/orders{dynamic}; /wa-business/service/track/{dynamic}","","",""
"/workspace/settings/internal-agent","workspace","src/pages/workspace/settings/internal-agent.tsx","426","Internal Agent","apiCallResult","","","",""
"/workspace/task","workspace","src/pages/workspace/task/index.tsx","401","Tasks","listConversationMeta; listContacts; updateConversationMeta","/inbox/meta; /contacts; /inbox/meta/{dynamic}","","",""
